cultivo;date;variables;valor
maiz;2020-11-19;pp;0
maiz;2020-11-20;pp;0
maiz;2020-11-21;pp;0
maiz;2020-11-22;pp;0
maiz;2020-11-23;pp;0
maiz;2020-11-24;pp;0
maiz;2020-11-25;pp;2.059
maiz;2020-11-26;pp;0
maiz;2020-11-27;pp;0
maiz;2020-11-28;pp;0
maiz;2020-11-29;pp;0
maiz;2020-11-30;pp;0
maiz;2020-12-01;pp;0
maiz;2020-12-02;pp;0
maiz;2020-12-03;pp;0
maiz;2020-12-04;pp;0
maiz;2020-12-05;pp;0
maiz;2020-12-06;pp;0
maiz;2020-12-07;pp;0
maiz;2020-12-08;pp;0
maiz;2020-12-09;pp;0
maiz;2020-12-10;pp;1.4809999999999999
maiz;2020-12-11;pp;0.034
maiz;2020-12-12;pp;8.988999999999999
maiz;2020-12-13;pp;0.17
maiz;2020-12-14;pp;0
maiz;2020-12-15;pp;0
maiz;2020-12-16;pp;0
maiz;2020-12-17;pp;0
maiz;2020-12-18;pp;6.561
maiz;2020-12-19;pp;0
maiz;2020-12-20;pp;0
maiz;2020-12-21;pp;0
maiz;2020-12-22;pp;0
maiz;2020-12-23;pp;0.017
maiz;2020-12-24;pp;0
maiz;2020-12-25;pp;0
maiz;2020-12-26;pp;0
maiz;2020-12-27;pp;0
maiz;2020-12-28;pp;0.085
maiz;2020-12-29;pp;0
maiz;2020-12-30;pp;0.085
maiz;2020-12-31;pp;0.017
maiz;2021-01-01;pp;0.034
maiz;2021-01-02;pp;0.034
maiz;2021-01-03;pp;0
maiz;2021-01-04;pp;0.017
maiz;2021-01-05;pp;0.068
maiz;2021-01-06;pp;0.051000000000000004
maiz;2021-01-07;pp;0
maiz;2021-01-08;pp;0.017
maiz;2021-01-09;pp;0.034
maiz;2021-01-10;pp;0.051000000000000004
maiz;2021-01-11;pp;0.28900000000000003
maiz;2021-01-12;pp;0.051000000000000004
maiz;2021-01-13;pp;0.051000000000000004
maiz;2021-01-14;pp;0.034
maiz;2021-01-15;pp;0.034
maiz;2021-01-16;pp;0.068
maiz;2021-01-17;pp;0.034
maiz;2021-01-18;pp;0
maiz;2021-01-19;pp;0.034
maiz;2021-01-20;pp;0.051000000000000004
maiz;2021-01-21;pp;0.034
maiz;2021-01-22;pp;0.068
maiz;2021-01-23;pp;0.034
maiz;2021-01-24;pp;0.068
maiz;2021-01-25;pp;0.068
maiz;2021-01-26;pp;0.034
maiz;2021-01-27;pp;0.017
maiz;2021-01-28;pp;0.20400000000000001
maiz;2021-01-29;pp;53.505
maiz;2021-01-30;pp;30.133
maiz;2021-01-31;pp;11.036999999999999
maiz;2021-02-01;pp;0.34
maiz;2021-02-02;pp;0.11900000000000001
maiz;2021-02-03;pp;0.11900000000000001
maiz;2021-02-04;pp;0.136
maiz;2021-02-05;pp;0.068
maiz;2021-02-06;pp;0.10200000000000001
maiz;2021-02-07;pp;0
maiz;2021-02-08;pp;0.11900000000000001
maiz;2021-02-09;pp;0.136
maiz;2021-02-10;pp;0.10200000000000001
maiz;2021-02-11;pp;0.017
maiz;2021-02-12;pp;0.10200000000000001
maiz;2021-02-13;pp;0.10200000000000001
maiz;2021-02-14;pp;0.085
maiz;2021-02-15;pp;0.11900000000000001
maiz;2021-02-16;pp;0.153
maiz;2021-02-17;pp;0.068
maiz;2021-02-18;pp;0.051000000000000004
maiz;2021-02-19;pp;0.034
maiz;2021-02-20;pp;0.068
maiz;2021-02-21;pp;0.10200000000000001
maiz;2021-02-22;pp;0.085
maiz;2021-02-23;pp;0.11900000000000001
maiz;2021-02-24;pp;0.10200000000000001
maiz;2021-02-25;pp;0.068
maiz;2021-02-26;pp;0.10200000000000001
maiz;2021-02-27;pp;0.136
maiz;2021-02-28;pp;0.11900000000000001
maiz;2021-03-01;pp;0.10200000000000001
maiz;2021-03-02;pp;0.017
maiz;2021-03-03;pp;0
maiz;2021-03-04;pp;0.085
maiz;2021-03-05;pp;0.051000000000000004
maiz;2021-03-06;pp;0.034
maiz;2021-03-07;pp;0.136
maiz;2021-03-08;pp;0.136
maiz;2021-03-09;pp;0.051000000000000004
maiz;2021-03-10;pp;0
maiz;2021-03-11;pp;0.068
maiz;2021-03-12;pp;0.068
maiz;2021-03-13;pp;0.051000000000000004
maiz;2021-03-14;pp;0.034
maiz;2021-03-15;pp;2.057
maiz;2021-03-16;pp;0.867
maiz;2021-03-17;pp;0.017
maiz;2021-03-18;pp;0.051000000000000004
maiz;2021-03-19;pp;0.034
maiz;2021-03-20;pp;0
maiz;2021-03-21;pp;0.068
maiz;2021-03-22;pp;0.051000000000000004
maiz;2021-03-23;pp;0.051000000000000004
maiz;2021-03-24;pp;0.068
maiz;2021-03-25;pp;0.051000000000000004
maiz;2021-03-26;pp;0.051000000000000004
maiz;2021-03-27;pp;0.051000000000000004
maiz;2021-03-28;pp;0.034
maiz;2021-03-29;pp;0.034
maiz;2021-03-30;pp;0.051000000000000004
maiz;2021-03-31;pp;0.15300000000000002
maiz;2021-04-01;pp;0.085
maiz;2021-04-02;pp;0.068
maiz;2021-04-03;pp;0.10200000000000001
maiz;2021-04-04;pp;0.017
maiz;2021-04-05;pp;0
maiz;2021-04-06;pp;0
maiz;2021-04-07;pp;0.034
maiz;2021-04-08;pp;0.068
maiz;2021-04-09;pp;0.051000000000000004
maiz;2021-04-10;pp;0.051000000000000004
maiz;2021-04-11;pp;0.10200000000000001
maiz;2021-04-12;pp;0.034
maiz;2021-04-13;pp;0.051000000000000004
maiz;2021-04-14;pp;0.068
maiz;2021-04-15;pp;0.11900000000000001
maiz;2021-04-16;pp;0.034
maiz;2021-04-17;pp;0.051000000000000004
maiz;2021-04-18;pp;0
maiz;2021-04-19;pp;0.10200000000000001
maiz;2021-04-20;pp;1.531
maiz;2021-04-21;pp;46.344
maiz;2021-04-22;pp;0.15300000000000002
maiz;2021-04-23;pp;0
maiz;2021-04-24;pp;0.20400000000000001
maiz;2021-04-25;pp;0.15300000000000002
maiz;2021-04-26;pp;0.20400000000000001
maiz;2021-04-27;pp;0.15300000000000002
maiz;2021-04-28;pp;0.20400000000000001
maiz;2021-04-29;pp;0.15300000000000002
maiz;2021-04-30;pp;0.187
maiz;2021-05-01;pp;50.795
maiz;2021-05-02;pp;43.577
maiz;2021-05-03;pp;31.895
maiz;2021-05-04;pp;0.187
maiz;2021-05-05;pp;0.20400000000000001
maiz;2021-05-06;pp;0.22100000000000003
maiz;2021-05-07;pp;0.15300000000000002
maiz;2021-05-08;pp;0.051000000000000004
maiz;2021-05-09;pp;0.23800000000000002
maiz;2021-05-10;pp;0.272
maiz;2021-05-11;pp;0.238
maiz;2021-05-12;pp;0.272
maiz;2021-05-13;pp;0.136
maiz;2021-05-14;pp;0.15300000000000002
maiz;2021-05-15;pp;0.10200000000000001
maiz;2021-05-16;pp;0.20400000000000001
maiz;2021-05-17;pp;0.15300000000000002
maiz;2021-05-18;pp;0.11900000000000001
maiz;2021-05-19;pp;16.029
maiz;2021-05-20;pp;15.958
maiz;2021-05-21;pp;0.697
maiz;2021-05-22;pp;0.10200000000000001
maiz;2021-05-23;pp;0.221
maiz;2021-05-24;pp;0.11900000000000001
maiz;2021-05-25;pp;0.17
maiz;2021-05-26;pp;0.136
maiz;2021-05-27;pp;25.444
maiz;2021-05-28;pp;4.75
maiz;2021-05-29;pp;0.11900000000000001
maiz;2021-05-30;pp;0.34
maiz;2021-05-31;pp;32.997
maiz;2021-06-01;pp;94.581
maiz;2021-06-02;pp;0.17
maiz;2021-06-03;pp;0.034
maiz;2021-06-04;pp;0.187
maiz;2021-06-05;pp;0.20400000000000001
maiz;2021-06-06;pp;0
maiz;2021-06-07;pp;0.085
maiz;2021-06-08;pp;0.35700000000000004
maiz;2021-06-09;pp;32.793
maiz;2021-06-10;pp;0.187
maiz;2021-06-11;pp;0.15300000000000002
maiz;2021-06-12;pp;0.22100000000000003
maiz;2021-06-13;pp;0.11900000000000001
maiz;2021-06-14;pp;0.034
maiz;2021-06-15;pp;0.051000000000000004
maiz;2021-06-16;pp;0
maiz;2021-06-17;pp;0.136
maiz;2021-06-18;pp;0.16999999999999998
maiz;2021-06-19;pp;0.15300000000000002
maiz;2021-06-20;pp;0.068
maiz;2021-06-21;pp;10.22
maiz;2021-06-22;pp;0.051000000000000004
maiz;2021-06-23;pp;41.188
maiz;2021-06-24;pp;20.558
maiz;2021-06-25;pp;10.225999999999999
maiz;2021-06-26;pp;0.20400000000000001
maiz;2021-06-27;pp;0.17
maiz;2021-06-28;pp;0.187
maiz;2021-06-29;pp;0.16999999999999998
maiz;2021-06-30;pp;0.085
maiz;2021-07-01;pp;3.096
trigo;2020-11-03;pp;0
trigo;2020-11-04;pp;0
trigo;2020-11-05;pp;0
trigo;2020-11-06;pp;0
trigo;2020-11-07;pp;0
trigo;2020-11-08;pp;0
trigo;2020-11-09;pp;0
trigo;2020-11-10;pp;0
trigo;2020-11-11;pp;0
trigo;2020-11-12;pp;0
trigo;2020-11-13;pp;5.985
trigo;2020-11-14;pp;0.034
trigo;2020-11-15;pp;0
trigo;2020-11-16;pp;0
trigo;2020-11-17;pp;0
trigo;2020-11-18;pp;0
trigo;2020-11-19;pp;0
trigo;2020-11-20;pp;0
trigo;2020-11-21;pp;0
trigo;2020-11-22;pp;0
trigo;2020-11-23;pp;0
trigo;2020-11-24;pp;0
trigo;2020-11-25;pp;0
trigo;2020-11-26;pp;0
trigo;2020-11-27;pp;0
trigo;2020-11-28;pp;0
trigo;2020-11-29;pp;0
trigo;2020-11-30;pp;0
trigo;2020-12-01;pp;0
trigo;2020-12-02;pp;0
trigo;2020-12-03;pp;0
trigo;2020-12-04;pp;0
trigo;2020-12-05;pp;0
trigo;2020-12-06;pp;0
trigo;2020-12-07;pp;0
trigo;2020-12-08;pp;0
trigo;2020-12-09;pp;0
trigo;2020-12-10;pp;1.413
trigo;2020-12-11;pp;0.10200000000000001
trigo;2020-12-12;pp;8.459
trigo;2020-12-13;pp;0.20400000000000001
trigo;2020-12-14;pp;0.017
trigo;2020-12-15;pp;0.017
trigo;2020-12-16;pp;0
trigo;2020-12-17;pp;0
trigo;2020-12-18;pp;3.024
trigo;2020-12-19;pp;0.017
trigo;2020-12-20;pp;0.034
trigo;2020-12-21;pp;0.017
trigo;2020-12-22;pp;0.034
trigo;2020-12-23;pp;0
trigo;2020-12-24;pp;0
trigo;2020-12-25;pp;0
trigo;2020-12-26;pp;0
trigo;2020-12-27;pp;0
trigo;2020-12-28;pp;0
trigo;2020-12-29;pp;0
trigo;2020-12-30;pp;0
trigo;2020-12-31;pp;0
trigo;2021-01-01;pp;0
trigo;2021-01-02;pp;0
trigo;2021-01-03;pp;0
trigo;2021-01-04;pp;0
trigo;2021-01-05;pp;0
trigo;2021-01-06;pp;0
trigo;2021-01-07;pp;0
trigo;2021-01-08;pp;0
trigo;2021-01-09;pp;0
trigo;2021-01-10;pp;0
trigo;2021-01-11;pp;0.15300000000000002
trigo;2021-01-12;pp;0
trigo;2021-01-13;pp;0
trigo;2021-01-14;pp;0
trigo;2021-01-15;pp;0
trigo;2021-01-16;pp;0
trigo;2021-01-17;pp;0
trigo;2021-01-18;pp;0
trigo;2021-01-19;pp;0
trigo;2021-01-20;pp;0
trigo;2021-01-21;pp;0
trigo;2021-01-22;pp;0
trigo;2021-01-23;pp;0
trigo;2021-01-24;pp;0
trigo;2021-01-25;pp;0
trigo;2021-01-26;pp;0
trigo;2021-01-27;pp;0
trigo;2021-01-28;pp;0.136
trigo;2021-01-29;pp;53.691
trigo;2021-01-30;pp;29.245
trigo;2021-01-31;pp;11.815
trigo;2021-02-01;pp;0.20400000000000001
trigo;2021-02-02;pp;0.10200000000000001
trigo;2021-02-03;pp;0.10200000000000001
trigo;2021-02-04;pp;0.11900000000000001
trigo;2021-02-05;pp;0.034
trigo;2021-02-06;pp;0.068
trigo;2021-02-07;pp;0
trigo;2021-02-08;pp;0.034
trigo;2021-02-09;pp;0.068
trigo;2021-02-10;pp;0.051000000000000004
trigo;2021-02-11;pp;0
trigo;2021-02-12;pp;0
trigo;2021-02-13;pp;0.068
trigo;2021-02-14;pp;0.051000000000000004
trigo;2021-02-15;pp;0.085
trigo;2021-02-16;pp;0
trigo;2021-02-17;pp;0.051000000000000004
trigo;2021-02-18;pp;0
trigo;2021-02-19;pp;0
trigo;2021-02-20;pp;0.051000000000000004
trigo;2021-02-21;pp;0.034
trigo;2021-02-22;pp;0.051000000000000004
trigo;2021-02-23;pp;0.068
trigo;2021-02-24;pp;0.051000000000000004
trigo;2021-02-25;pp;0.017
trigo;2021-02-26;pp;0.017
trigo;2021-02-27;pp;0.11900000000000001
trigo;2021-02-28;pp;0.085
trigo;2021-03-01;pp;0.051000000000000004
trigo;2021-03-02;pp;0
trigo;2021-03-03;pp;0
trigo;2021-03-04;pp;0.051000000000000004
trigo;2021-03-05;pp;0.017
trigo;2021-03-06;pp;0
trigo;2021-03-07;pp;0.11900000000000001
trigo;2021-03-08;pp;0.136
trigo;2021-03-09;pp;0.034
trigo;2021-03-10;pp;0
trigo;2021-03-11;pp;0.051000000000000004
trigo;2021-03-12;pp;0.051000000000000004
trigo;2021-03-13;pp;0.051000000000000004
trigo;2021-03-14;pp;0.034
trigo;2021-03-15;pp;1.955
trigo;2021-03-16;pp;0.799
trigo;2021-03-17;pp;0
trigo;2021-03-18;pp;0.034
trigo;2021-03-19;pp;0.034
trigo;2021-03-20;pp;0
trigo;2021-03-21;pp;0.051000000000000004
trigo;2021-03-22;pp;0.034
trigo;2021-03-23;pp;0.068
trigo;2021-03-24;pp;0.085
trigo;2021-03-25;pp;0.051000000000000004
trigo;2021-03-26;pp;0.085
trigo;2021-03-27;pp;0.051000000000000004
trigo;2021-03-28;pp;0.034
trigo;2021-03-29;pp;0.034
trigo;2021-03-30;pp;0.068
trigo;2021-03-31;pp;0.136
trigo;2021-04-01;pp;0.10200000000000001
trigo;2021-04-02;pp;0.10200000000000001
trigo;2021-04-03;pp;0.136
trigo;2021-04-04;pp;0.051000000000000004
trigo;2021-04-05;pp;0
trigo;2021-04-06;pp;0
trigo;2021-04-07;pp;0.051000000000000004
trigo;2021-04-08;pp;0.085
trigo;2021-04-09;pp;0.051000000000000004
trigo;2021-04-10;pp;0.068
trigo;2021-04-11;pp;0.11900000000000001
trigo;2021-04-12;pp;0.068
trigo;2021-04-13;pp;0.068
trigo;2021-04-14;pp;0.10200000000000001
trigo;2021-04-15;pp;0.15300000000000002
trigo;2021-04-16;pp;0.051000000000000004
trigo;2021-04-17;pp;0.068
trigo;2021-04-18;pp;0
trigo;2021-04-19;pp;0.11900000000000001
trigo;2021-04-20;pp;2.008
trigo;2021-04-21;pp;49.158
trigo;2021-04-22;pp;0.15300000000000002
trigo;2021-04-23;pp;0
trigo;2021-04-24;pp;0.136
trigo;2021-04-25;pp;0.136
trigo;2021-04-26;pp;0.136
trigo;2021-04-27;pp;0.136
trigo;2021-04-28;pp;0.187
trigo;2021-04-29;pp;0.15300000000000002
trigo;2021-04-30;pp;0.23800000000000002
trigo;2021-05-01;pp;58.249
trigo;2021-05-02;pp;45.702
trigo;2021-05-03;pp;31.489
trigo;2021-05-04;pp;0.15300000000000002
trigo;2021-05-05;pp;0.17
trigo;2021-05-06;pp;0.20400000000000001
trigo;2021-05-07;pp;0.187
trigo;2021-05-08;pp;0
trigo;2021-05-09;pp;0.23800000000000002
trigo;2021-05-10;pp;0.22100000000000003
trigo;2021-05-11;pp;0.22100000000000003
trigo;2021-05-12;pp;0.23800000000000002
trigo;2021-05-13;pp;0.136
trigo;2021-05-14;pp;0.11900000000000001
trigo;2021-05-15;pp;0.136
trigo;2021-05-16;pp;0.272
trigo;2021-05-17;pp;0.136
trigo;2021-05-18;pp;0.11900000000000001
trigo;2021-05-19;pp;15.06
trigo;2021-05-20;pp;17.339
trigo;2021-05-21;pp;0.323
trigo;2021-05-22;pp;0.153
trigo;2021-05-23;pp;0.20400000000000001
trigo;2021-05-24;pp;0.11900000000000001
trigo;2021-05-25;pp;0.11900000000000001
trigo;2021-05-26;pp;0.136
trigo;2021-05-27;pp;25.959
trigo;2021-05-28;pp;4.664
trigo;2021-05-29;pp;0.085
trigo;2021-05-30;pp;0.255
trigo;2021-05-31;pp;33.152
trigo;2021-06-01;pp;93.291
trigo;2021-06-02;pp;0.22100000000000003
trigo;2021-06-03;pp;0.034
trigo;2021-06-04;pp;0.187
trigo;2021-06-05;pp;0.22100000000000003
trigo;2021-06-06;pp;0
trigo;2021-06-07;pp;0.068
trigo;2021-06-08;pp;0.255
trigo;2021-06-09;pp;32.160000000000004
trigo;2021-06-10;pp;0.17
trigo;2021-06-11;pp;0.15300000000000002
trigo;2021-06-12;pp;0.22100000000000003
trigo;2021-06-13;pp;0.11900000000000001
trigo;2021-06-14;pp;0.017
trigo;2021-06-15;pp;0.051000000000000004
trigo;2021-06-16;pp;0.051000000000000004
trigo;2021-06-17;pp;0.17
trigo;2021-06-18;pp;0.221
trigo;2021-06-19;pp;0.10200000000000001
trigo;2021-06-20;pp;0.051000000000000004
trigo;2021-06-21;pp;8.062
trigo;2021-06-22;pp;0.085
trigo;2021-06-23;pp;36.317
trigo;2021-06-24;pp;20.166999999999998
trigo;2021-06-25;pp;10.892
trigo;2021-06-26;pp;0.20400000000000001
trigo;2021-06-27;pp;0.136
trigo;2021-06-28;pp;0.22099999999999997
trigo;2021-06-29;pp;0.255
trigo;2021-06-30;pp;0.10200000000000001
trigo;2021-07-01;pp;3.282
maiz;2020-11-19;wc15;8.08
maiz;2020-11-20;wc15;31.036
maiz;2020-11-21;wc15;30.808
maiz;2020-11-22;wc15;30.603
maiz;2020-11-23;wc15;30.406
maiz;2020-11-24;wc15;30.199
maiz;2020-11-25;wc15;30.041
maiz;2020-11-26;wc15;29.983
maiz;2020-11-27;wc15;29.863
maiz;2020-11-28;wc15;31.578999999999997
maiz;2020-11-29;wc15;33.089
maiz;2020-11-30;wc15;32.823
maiz;2020-12-01;wc15;35.303000000000004
maiz;2020-12-02;wc15;37.743
maiz;2020-12-03;wc15;37.74
maiz;2020-12-04;wc15;38.982
maiz;2020-12-05;wc15;38.321999999999996
maiz;2020-12-06;wc15;36.593
maiz;2020-12-07;wc15;35.937
maiz;2020-12-08;wc15;35.461
maiz;2020-12-09;wc15;36.768
maiz;2020-12-10;wc15;38.517
maiz;2020-12-11;wc15;38.443000000000005
maiz;2020-12-12;wc15;37.412
maiz;2020-12-13;wc15;37.414
maiz;2020-12-14;wc15;37.326
maiz;2020-12-15;wc15;37.129
maiz;2020-12-16;wc15;36.548
maiz;2020-12-17;wc15;37.348
maiz;2020-12-18;wc15;39.429
maiz;2020-12-19;wc15;38.079
maiz;2020-12-20;wc15;37.425000000000004
maiz;2020-12-21;wc15;36.869
maiz;2020-12-22;wc15;36.344
maiz;2020-12-23;wc15;37.147
maiz;2020-12-24;wc15;37.263
maiz;2020-12-25;wc15;36.731
maiz;2020-12-26;wc15;36.238
maiz;2020-12-27;wc15;35.737
maiz;2020-12-28;wc15;36.792
maiz;2020-12-29;wc15;39.516
maiz;2020-12-30;wc15;38.711
maiz;2020-12-31;wc15;37.620000000000005
maiz;2021-01-01;wc15;37.292
maiz;2021-01-02;wc15;37.874
maiz;2021-01-03;wc15;37.362
maiz;2021-01-04;wc15;37.891
maiz;2021-01-05;wc15;37.713
maiz;2021-01-06;wc15;38.162
maiz;2021-01-07;wc15;39.226
maiz;2021-01-08;wc15;37.567
maiz;2021-01-09;wc15;37.076
maiz;2021-01-10;wc15;36.731
maiz;2021-01-11;wc15;37.482
maiz;2021-01-12;wc15;39.727999999999994
maiz;2021-01-13;wc15;39.418
maiz;2021-01-14;wc15;39.22
maiz;2021-01-15;wc15;38.122
maiz;2021-01-16;wc15;37.408
maiz;2021-01-17;wc15;36.956
maiz;2021-01-18;wc15;37.205
maiz;2021-01-19;wc15;38.912
maiz;2021-01-20;wc15;37.88
maiz;2021-01-21;wc15;37.730000000000004
maiz;2021-01-22;wc15;38.966
maiz;2021-01-23;wc15;37.832
maiz;2021-01-24;wc15;37.152
maiz;2021-01-25;wc15;36.772
maiz;2021-01-26;wc15;36.441
maiz;2021-01-27;wc15;38.035000000000004
maiz;2021-01-28;wc15;39.14
maiz;2021-01-29;wc15;39.166
maiz;2021-01-30;wc15;39.053
maiz;2021-01-31;wc15;38.81
maiz;2021-02-01;wc15;38.072
maiz;2021-02-02;wc15;37.632000000000005
maiz;2021-02-03;wc15;37.228
maiz;2021-02-04;wc15;36.838
maiz;2021-02-05;wc15;36.428
maiz;2021-02-06;wc15;36.048
maiz;2021-02-07;wc15;35.771
maiz;2021-02-08;wc15;35.474
maiz;2021-02-09;wc15;35.098
maiz;2021-02-10;wc15;34.564
maiz;2021-02-11;wc15;34.044
maiz;2021-02-12;wc15;33.754999999999995
maiz;2021-02-13;wc15;33.355
maiz;2021-02-14;wc15;32.878
maiz;2021-02-15;wc15;32.439
maiz;2021-02-16;wc15;32.115
maiz;2021-02-17;wc15;31.916
maiz;2021-02-18;wc15;33.458
maiz;2021-02-19;wc15;38.038000000000004
maiz;2021-02-20;wc15;37.483000000000004
maiz;2021-02-21;wc15;37.049
maiz;2021-02-22;wc15;37.637
maiz;2021-02-23;wc15;38.475
maiz;2021-02-24;wc15;39.448
maiz;2021-02-25;wc15;39.171
maiz;2021-02-26;wc15;38.603
maiz;2021-02-27;wc15;37.574
maiz;2021-02-28;wc15;37.155
maiz;2021-03-01;wc15;36.86
maiz;2021-03-02;wc15;36.509
maiz;2021-03-03;wc15;36.062
maiz;2021-03-04;wc15;35.573
maiz;2021-03-05;wc15;35.019999999999996
maiz;2021-03-06;wc15;34.393
maiz;2021-03-07;wc15;33.885999999999996
maiz;2021-03-08;wc15;33.370999999999995
maiz;2021-03-09;wc15;32.829
maiz;2021-03-10;wc15;32.284
maiz;2021-03-11;wc15;31.793000000000003
maiz;2021-03-12;wc15;31.34
maiz;2021-03-13;wc15;30.898
maiz;2021-03-14;wc15;30.541
maiz;2021-03-15;wc15;30.330000000000002
maiz;2021-03-16;wc15;30.258
maiz;2021-03-17;wc15;30.202
maiz;2021-03-18;wc15;30.091
maiz;2021-03-19;wc15;37.79
maiz;2021-03-20;wc15;38.298
maiz;2021-03-21;wc15;37.203
maiz;2021-03-22;wc15;36.657000000000004
maiz;2021-03-23;wc15;36.262
maiz;2021-03-24;wc15;35.934
maiz;2021-03-25;wc15;35.653
maiz;2021-03-26;wc15;35.332
maiz;2021-03-27;wc15;35.021
maiz;2021-03-28;wc15;34.635
maiz;2021-03-29;wc15;34.284
maiz;2021-03-30;wc15;33.998
maiz;2021-03-31;wc15;33.751999999999995
maiz;2021-04-01;wc15;33.583
maiz;2021-04-02;wc15;33.324
maiz;2021-04-03;wc15;33.062999999999995
maiz;2021-04-04;wc15;34.121
maiz;2021-04-05;wc15;32.446000000000005
maiz;2021-04-06;wc15;32.22
maiz;2021-04-07;wc15;32.062000000000005
maiz;2021-04-08;wc15;31.959000000000003
maiz;2021-04-09;wc15;31.849
maiz;2021-04-10;wc15;31.745
maiz;2021-04-11;wc15;31.619
maiz;2021-04-12;wc15;31.459
maiz;2021-04-13;wc15;31.347
maiz;2021-04-14;wc15;31.21
maiz;2021-04-15;wc15;31.085
maiz;2021-04-16;wc15;30.981
maiz;2021-04-17;wc15;30.911
maiz;2021-04-18;wc15;30.855
maiz;2021-04-19;wc15;30.795
maiz;2021-04-20;wc15;30.693
maiz;2021-04-21;wc15;32.291000000000004
maiz;2021-04-22;wc15;37.049
maiz;2021-04-23;wc15;37.039
maiz;2021-04-24;wc15;37.19
maiz;2021-04-25;wc15;37.032000000000004
maiz;2021-04-26;wc15;36.928
maiz;2021-04-27;wc15;36.829
maiz;2021-04-28;wc15;36.699
maiz;2021-04-29;wc15;36.55
maiz;2021-04-30;wc15;36.437
maiz;2021-05-01;wc15;38.098
maiz;2021-05-02;wc15;39.242
maiz;2021-05-03;wc15;39.346
maiz;2021-05-04;wc15;38.92
maiz;2021-05-05;wc15;38.652
maiz;2021-05-06;wc15;38.35
maiz;2021-05-07;wc15;38.155
maiz;2021-05-08;wc15;38.001000000000005
maiz;2021-05-09;wc15;37.9
maiz;2021-05-10;wc15;37.803000000000004
maiz;2021-05-11;wc15;37.723
maiz;2021-05-12;wc15;37.666000000000004
maiz;2021-05-13;wc15;37.592
maiz;2021-05-14;wc15;37.502
maiz;2021-05-15;wc15;37.419000000000004
maiz;2021-05-16;wc15;37.386
maiz;2021-05-17;wc15;37.302
maiz;2021-05-18;wc15;37.22
maiz;2021-05-19;wc15;37.936
maiz;2021-05-20;wc15;38.938
maiz;2021-05-21;wc15;38.817
maiz;2021-05-22;wc15;38.721000000000004
maiz;2021-05-23;wc15;38.652
maiz;2021-05-24;wc15;38.428000000000004
maiz;2021-05-25;wc15;38.284
maiz;2021-05-26;wc15;38.207
maiz;2021-05-27;wc15;38.315
maiz;2021-05-28;wc15;39.138
maiz;2021-05-29;wc15;38.864000000000004
maiz;2021-05-30;wc15;38.783
maiz;2021-05-31;wc15;39.368
maiz;2021-06-01;wc15;39.924
maiz;2021-06-02;wc15;39.349
maiz;2021-06-03;wc15;39.131
maiz;2021-06-04;wc15;38.968
maiz;2021-06-05;wc15;38.766000000000005
maiz;2021-06-06;wc15;38.644000000000005
maiz;2021-06-07;wc15;38.574000000000005
maiz;2021-06-08;wc15;38.486000000000004
maiz;2021-06-09;wc15;39.287
maiz;2021-06-10;wc15;38.824000000000005
maiz;2021-06-11;wc15;38.702000000000005
maiz;2021-06-12;wc15;38.531
maiz;2021-06-13;wc15;38.325
maiz;2021-06-14;wc15;38.289
maiz;2021-06-15;wc15;38.208
maiz;2021-06-16;wc15;38.177
maiz;2021-06-17;wc15;38.063
maiz;2021-06-18;wc15;37.984
maiz;2021-06-19;wc15;37.894
maiz;2021-06-20;wc15;37.838
maiz;2021-06-21;wc15;38.193000000000005
maiz;2021-06-22;wc15;38.778000000000006
maiz;2021-06-23;wc15;39.585
maiz;2021-06-24;wc15;39.513999999999996
maiz;2021-06-25;wc15;39.681999999999995
maiz;2021-06-26;wc15;39.23
maiz;2021-06-27;wc15;39.138999999999996
maiz;2021-06-28;wc15;39.039
maiz;2021-06-29;wc15;39.04
maiz;2021-06-30;wc15;39.012
maiz;2021-07-01;wc15;38.674
trigo;2020-11-03;wc15;0.7000000000000001
trigo;2020-11-04;wc15;11.515
trigo;2020-11-05;wc15;26.079
trigo;2020-11-06;wc15;31.938000000000002
trigo;2020-11-07;wc15;29.857
trigo;2020-11-08;wc15;28.549999999999997
trigo;2020-11-09;wc15;27.531
trigo;2020-11-10;wc15;26.556
trigo;2020-11-11;wc15;25.694000000000003
trigo;2020-11-12;wc15;24.954
trigo;2020-11-13;wc15;24.406
trigo;2020-11-14;wc15;24.454
trigo;2020-11-15;wc15;24.383
trigo;2020-11-16;wc15;23.948
trigo;2020-11-17;wc15;23.416999999999998
trigo;2020-11-18;wc15;22.942
trigo;2020-11-19;wc15;22.52
trigo;2020-11-20;wc15;22.244
trigo;2020-11-21;wc15;21.941000000000003
trigo;2020-11-22;wc15;21.579
trigo;2020-11-23;wc15;21.184
trigo;2020-11-24;wc15;27.584
trigo;2020-11-25;wc15;38.944
trigo;2020-11-26;wc15;33.659
trigo;2020-11-27;wc15;31.282
trigo;2020-11-28;wc15;29.933
trigo;2020-11-29;wc15;28.842
trigo;2020-11-30;wc15;27.692999999999998
trigo;2020-12-01;wc15;26.549000000000003
trigo;2020-12-02;wc15;25.490000000000002
trigo;2020-12-03;wc15;24.471
trigo;2020-12-04;wc15;23.524
trigo;2020-12-05;wc15;22.506
trigo;2020-12-06;wc15;21.627
trigo;2020-12-07;wc15;20.847
trigo;2020-12-08;wc15;20.153
trigo;2020-12-09;wc15;19.492
trigo;2020-12-10;wc15;19.075
trigo;2020-12-11;wc15;18.885
trigo;2020-12-12;wc15;18.72
trigo;2020-12-13;wc15;18.78
trigo;2020-12-14;wc15;18.882
trigo;2020-12-15;wc15;18.814
trigo;2020-12-16;wc15;18.62
trigo;2020-12-17;wc15;18.355
trigo;2020-12-18;wc15;18.104
trigo;2020-12-19;wc15;18.02
trigo;2020-12-20;wc15;17.935
trigo;2020-12-21;wc15;17.730999999999998
trigo;2020-12-22;wc15;17.483
trigo;2020-12-23;wc15;17.296
trigo;2020-12-24;wc15;17.102
trigo;2020-12-25;wc15;16.909
trigo;2020-12-26;wc15;16.715999999999998
trigo;2020-12-27;wc15;16.534
trigo;2020-12-28;wc15;16.416
trigo;2020-12-29;wc15;16.238
trigo;2020-12-30;wc15;16.118000000000002
trigo;2020-12-31;wc15;15.975000000000001
trigo;2021-01-01;wc15;15.838000000000001
trigo;2021-01-02;wc15;15.708
trigo;2021-01-03;wc15;15.606
trigo;2021-01-04;wc15;15.487
trigo;2021-01-05;wc15;15.366
trigo;2021-01-06;wc15;15.223
trigo;2021-01-07;wc15;15.118
trigo;2021-01-08;wc15;14.991
trigo;2021-01-09;wc15;14.887
trigo;2021-01-10;wc15;14.788
trigo;2021-01-11;wc15;14.719999999999999
trigo;2021-01-12;wc15;14.637
trigo;2021-01-13;wc15;14.546
trigo;2021-01-14;wc15;14.455
trigo;2021-01-15;wc15;14.366
trigo;2021-01-16;wc15;14.317
trigo;2021-01-17;wc15;14.254
trigo;2021-01-18;wc15;14.165999999999999
trigo;2021-01-19;wc15;14.077
trigo;2021-01-20;wc15;14.018999999999998
trigo;2021-01-21;wc15;13.970999999999998
trigo;2021-01-22;wc15;13.883999999999999
trigo;2021-01-23;wc15;13.825999999999999
trigo;2021-01-24;wc15;13.774
trigo;2021-01-25;wc15;13.69
trigo;2021-01-26;wc15;13.631999999999998
trigo;2021-01-27;wc15;13.581999999999999
trigo;2021-01-28;wc15;13.535999999999998
trigo;2021-01-29;wc15;18.616
trigo;2021-01-30;wc15;32.259
trigo;2021-01-31;wc15;31.29
trigo;2021-02-01;wc15;28.988
trigo;2021-02-02;wc15;27.706999999999997
trigo;2021-02-03;wc15;26.524
trigo;2021-02-04;wc15;25.37
trigo;2021-02-05;wc15;24.32
trigo;2021-02-06;wc15;23.636
trigo;2021-02-07;wc15;23.2
trigo;2021-02-08;wc15;22.707
trigo;2021-02-09;wc15;22.107
trigo;2021-02-10;wc15;21.241
trigo;2021-02-11;wc15;20.468
trigo;2021-02-12;wc15;19.993
trigo;2021-02-13;wc15;19.395
trigo;2021-02-14;wc15;18.654
trigo;2021-02-15;wc15;18.023
trigo;2021-02-16;wc15;17.639
trigo;2021-02-17;wc15;17.474999999999998
trigo;2021-02-18;wc15;17.172
trigo;2021-02-19;wc15;16.88
trigo;2021-02-20;wc15;16.587
trigo;2021-02-21;wc15;16.294
trigo;2021-02-22;wc15;16.043
trigo;2021-02-23;wc15;15.817
trigo;2021-02-24;wc15;15.585
trigo;2021-02-25;wc15;15.416
trigo;2021-02-26;wc15;15.273
trigo;2021-02-27;wc15;15.131
trigo;2021-02-28;wc15;15.002
trigo;2021-03-01;wc15;14.879
trigo;2021-03-02;wc15;14.751
trigo;2021-03-03;wc15;14.651
trigo;2021-03-04;wc15;14.554
trigo;2021-03-05;wc15;14.459
trigo;2021-03-06;wc15;14.384
trigo;2021-03-07;wc15;14.317
trigo;2021-03-08;wc15;14.266
trigo;2021-03-09;wc15;14.207999999999998
trigo;2021-03-10;wc15;14.158999999999999
trigo;2021-03-11;wc15;14.111999999999998
trigo;2021-03-12;wc15;14.065
trigo;2021-03-13;wc15;14.015999999999998
trigo;2021-03-14;wc15;13.975
trigo;2021-03-15;wc15;13.919999999999998
trigo;2021-03-16;wc15;13.919999999999998
trigo;2021-03-17;wc15;13.895999999999999
trigo;2021-03-18;wc15;13.870999999999999
trigo;2021-03-19;wc15;13.841
trigo;2021-03-20;wc15;13.831
trigo;2021-03-21;wc15;13.823999999999998
trigo;2021-03-22;wc15;13.823999999999998
trigo;2021-03-23;wc15;13.823999999999998
trigo;2021-03-24;wc15;13.821
trigo;2021-03-25;wc15;13.812999999999999
trigo;2021-03-26;wc15;13.777999999999999
trigo;2021-03-27;wc15;13.751999999999999
trigo;2021-03-28;wc15;13.727999999999998
trigo;2021-03-29;wc15;13.727999999999998
trigo;2021-03-30;wc15;13.727999999999998
trigo;2021-03-31;wc15;13.727999999999998
trigo;2021-04-01;wc15;13.725999999999999
trigo;2021-04-02;wc15;13.687999999999999
trigo;2021-04-03;wc15;13.68
trigo;2021-04-04;wc15;14.209
trigo;2021-04-05;wc15;13.631999999999998
trigo;2021-04-06;wc15;13.631999999999998
trigo;2021-04-07;wc15;13.631999999999998
trigo;2021-04-08;wc15;13.631999999999998
trigo;2021-04-09;wc15;13.631999999999998
trigo;2021-04-10;wc15;13.631999999999998
trigo;2021-04-11;wc15;13.631999999999998
trigo;2021-04-12;wc15;13.631999999999998
trigo;2021-04-13;wc15;13.631999999999998
trigo;2021-04-14;wc15;13.631999999999998
trigo;2021-04-15;wc15;13.620999999999999
trigo;2021-04-16;wc15;13.602999999999998
trigo;2021-04-17;wc15;13.584
trigo;2021-04-18;wc15;13.535999999999998
trigo;2021-04-19;wc15;13.560999999999998
trigo;2021-04-20;wc15;13.535999999999998
trigo;2021-04-21;wc15;17.808
trigo;2021-04-22;wc15;29.983999999999998
trigo;2021-04-23;wc15;27.858999999999998
trigo;2021-04-24;wc15;27.049
trigo;2021-04-25;wc15;26.450000000000003
trigo;2021-04-26;wc15;25.931
trigo;2021-04-27;wc15;25.475
trigo;2021-04-28;wc15;25.084
trigo;2021-04-29;wc15;24.723
trigo;2021-04-30;wc15;24.387
trigo;2021-05-01;wc15;31.447
trigo;2021-05-02;wc15;34.792
trigo;2021-05-03;wc15;34.138999999999996
trigo;2021-05-04;wc15;31.425
trigo;2021-05-05;wc15;30.439
trigo;2021-05-06;wc15;29.948
trigo;2021-05-07;wc15;29.598
trigo;2021-05-08;wc15;29.345
trigo;2021-05-09;wc15;29.105
trigo;2021-05-10;wc15;28.907999999999998
trigo;2021-05-11;wc15;28.762999999999998
trigo;2021-05-12;wc15;28.598
trigo;2021-05-13;wc15;28.459
trigo;2021-05-14;wc15;28.273
trigo;2021-05-15;wc15;28.314999999999998
trigo;2021-05-16;wc15;28.32
trigo;2021-05-17;wc15;28.273
trigo;2021-05-18;wc15;28.176
trigo;2021-05-19;wc15;30.289
trigo;2021-05-20;wc15;33.209
trigo;2021-05-21;wc15;31.311
trigo;2021-05-22;wc15;30.637
trigo;2021-05-23;wc15;30.337
trigo;2021-05-24;wc15;30.094
trigo;2021-05-25;wc15;29.863
trigo;2021-05-26;wc15;29.733
trigo;2021-05-27;wc15;30.492
trigo;2021-05-28;wc15;32.59
trigo;2021-05-29;wc15;31.124000000000002
trigo;2021-05-30;wc15;30.663
trigo;2021-05-31;wc15;33.28
trigo;2021-06-01;wc15;35.874
trigo;2021-06-02;wc15;32.18
trigo;2021-06-03;wc15;31.315
trigo;2021-06-04;wc15;30.898
trigo;2021-06-05;wc15;30.671
trigo;2021-06-06;wc15;30.507
trigo;2021-06-07;wc15;30.409
trigo;2021-06-08;wc15;30.284
trigo;2021-06-09;wc15;33.409
trigo;2021-06-10;wc15;31.791
trigo;2021-06-11;wc15;31.288
trigo;2021-06-12;wc15;30.957
trigo;2021-06-13;wc15;30.714000000000002
trigo;2021-06-14;wc15;30.521
trigo;2021-06-15;wc15;30.383
trigo;2021-06-16;wc15;30.256
trigo;2021-06-17;wc15;30.124
trigo;2021-06-18;wc15;30.02
trigo;2021-06-19;wc15;29.917
trigo;2021-06-20;wc15;29.818
trigo;2021-06-21;wc15;31.032999999999998
trigo;2021-06-22;wc15;32.683
trigo;2021-06-23;wc15;34.304
trigo;2021-06-24;wc15;33.681
trigo;2021-06-25;wc15;33.832
trigo;2021-06-26;wc15;32.159
trigo;2021-06-27;wc15;31.669
trigo;2021-06-28;wc15;31.387
trigo;2021-06-29;wc15;31.171
trigo;2021-06-30;wc15;30.961000000000002
trigo;2021-07-01;wc15;30.897000000000002
maiz;2020-11-19;wc30;8.275
maiz;2020-11-20;wc30;31.755000000000003
maiz;2020-11-21;wc30;31.674000000000003
maiz;2020-11-22;wc30;31.573
maiz;2020-11-23;wc30;31.471
maiz;2020-11-24;wc30;31.373
maiz;2020-11-25;wc30;31.272000000000002
maiz;2020-11-26;wc30;31.184
maiz;2020-11-27;wc30;31.082
maiz;2020-11-28;wc30;32.655
maiz;2020-11-29;wc30;33.625
maiz;2020-11-30;wc30;33.236999999999995
maiz;2020-12-01;wc30;35.924
maiz;2020-12-02;wc30;38.041
maiz;2020-12-03;wc30;38.23
maiz;2020-12-04;wc30;40.018
maiz;2020-12-05;wc30;39.217999999999996
maiz;2020-12-06;wc30;36.292
maiz;2020-12-07;wc30;35.335
maiz;2020-12-08;wc30;34.798
maiz;2020-12-09;wc30;36.84
maiz;2020-12-10;wc30;39.132999999999996
maiz;2020-12-11;wc30;39.211
maiz;2020-12-12;wc30;37.339
maiz;2020-12-13;wc30;37.562000000000005
maiz;2020-12-14;wc30;37.374
maiz;2020-12-15;wc30;36.909
maiz;2020-12-16;wc30;36.138
maiz;2020-12-17;wc30;37.455
maiz;2020-12-18;wc30;39.923
maiz;2020-12-19;wc30;38.241
maiz;2020-12-20;wc30;37.256
maiz;2020-12-21;wc30;36.486
maiz;2020-12-22;wc30;35.913
maiz;2020-12-23;wc30;37.255
maiz;2020-12-24;wc30;36.995
maiz;2020-12-25;wc30;36.357
maiz;2020-12-26;wc30;35.835
maiz;2020-12-27;wc30;35.364
maiz;2020-12-28;wc30;36.882
maiz;2020-12-29;wc30;39.769
maiz;2020-12-30;wc30;39.054
maiz;2020-12-31;wc30;37.624
maiz;2021-01-01;wc30;37.177
maiz;2021-01-02;wc30;37.806
maiz;2021-01-03;wc30;37.195
maiz;2021-01-04;wc30;37.922
maiz;2021-01-05;wc30;37.872
maiz;2021-01-06;wc30;38.447
maiz;2021-01-07;wc30;39.932
maiz;2021-01-08;wc30;37.581
maiz;2021-01-09;wc30;36.774
maiz;2021-01-10;wc30;36.221000000000004
maiz;2021-01-11;wc30;37.761
maiz;2021-01-12;wc30;40.832
maiz;2021-01-13;wc30;40.017
maiz;2021-01-14;wc30;40.196
maiz;2021-01-15;wc30;37.888000000000005
maiz;2021-01-16;wc30;37.175000000000004
maiz;2021-01-17;wc30;36.597
maiz;2021-01-18;wc30;37.208999999999996
maiz;2021-01-19;wc30;39.806
maiz;2021-01-20;wc30;37.753
maiz;2021-01-21;wc30;37.967
maiz;2021-01-22;wc30;39.603
maiz;2021-01-23;wc30;37.966
maiz;2021-01-24;wc30;37.158
maiz;2021-01-25;wc30;36.51
maiz;2021-01-26;wc30;36.063
maiz;2021-01-27;wc30;38.568
maiz;2021-01-28;wc30;40.157
maiz;2021-01-29;wc30;40.308
maiz;2021-01-30;wc30;40.14
maiz;2021-01-31;wc30;39.28
maiz;2021-02-01;wc30;38.099000000000004
maiz;2021-02-02;wc30;37.43
maiz;2021-02-03;wc30;36.878
maiz;2021-02-04;wc30;36.422
maiz;2021-02-05;wc30;35.967
maiz;2021-02-06;wc30;35.616
maiz;2021-02-07;wc30;35.314
maiz;2021-02-08;wc30;35.032
maiz;2021-02-09;wc30;34.789
maiz;2021-02-10;wc30;34.5
maiz;2021-02-11;wc30;34.196999999999996
maiz;2021-02-12;wc30;33.957
maiz;2021-02-13;wc30;33.721
maiz;2021-02-14;wc30;33.422999999999995
maiz;2021-02-15;wc30;33.134
maiz;2021-02-16;wc30;32.855000000000004
maiz;2021-02-17;wc30;32.648
maiz;2021-02-18;wc30;34.289
maiz;2021-02-19;wc30;38.936
maiz;2021-02-20;wc30;37.551
maiz;2021-02-21;wc30;36.941
maiz;2021-02-22;wc30;37.778
maiz;2021-02-23;wc30;39.086999999999996
maiz;2021-02-24;wc30;40.378
maiz;2021-02-25;wc30;39.963
maiz;2021-02-26;wc30;39.314
maiz;2021-02-27;wc30;37.467
maiz;2021-02-28;wc30;36.915
maiz;2021-03-01;wc30;36.495
maiz;2021-03-02;wc30;36.063
maiz;2021-03-03;wc30;35.665
maiz;2021-03-04;wc30;35.296
maiz;2021-03-05;wc30;34.955
maiz;2021-03-06;wc30;34.64
maiz;2021-03-07;wc30;34.344
maiz;2021-03-08;wc30;34.039
maiz;2021-03-09;wc30;33.727
maiz;2021-03-10;wc30;33.37
maiz;2021-03-11;wc30;33.035
maiz;2021-03-12;wc30;32.695
maiz;2021-03-13;wc30;32.397000000000006
maiz;2021-03-14;wc30;32.155
maiz;2021-03-15;wc30;31.961000000000002
maiz;2021-03-16;wc30;31.845000000000002
maiz;2021-03-17;wc30;31.73
maiz;2021-03-18;wc30;31.569000000000003
maiz;2021-03-19;wc30;38.636
maiz;2021-03-20;wc30;38.81
maiz;2021-03-21;wc30;37.483000000000004
maiz;2021-03-22;wc30;37.008
maiz;2021-03-23;wc30;36.625
maiz;2021-03-24;wc30;36.296
maiz;2021-03-25;wc30;36.035
maiz;2021-03-26;wc30;35.797
maiz;2021-03-27;wc30;35.544
maiz;2021-03-28;wc30;35.3
maiz;2021-03-29;wc30;35.046
maiz;2021-03-30;wc30;34.818999999999996
maiz;2021-03-31;wc30;34.644999999999996
maiz;2021-04-01;wc30;34.495999999999995
maiz;2021-04-02;wc30;34.181999999999995
maiz;2021-04-03;wc30;33.979
maiz;2021-04-04;wc30;35.223
maiz;2021-04-05;wc30;33.507
maiz;2021-04-06;wc30;33.248999999999995
maiz;2021-04-07;wc30;33.089999999999996
maiz;2021-04-08;wc30;32.985
maiz;2021-04-09;wc30;32.878
maiz;2021-04-10;wc30;32.802
maiz;2021-04-11;wc30;32.705000000000005
maiz;2021-04-12;wc30;32.612
maiz;2021-04-13;wc30;32.517
maiz;2021-04-14;wc30;32.418
maiz;2021-04-15;wc30;32.330000000000005
maiz;2021-04-16;wc30;32.251000000000005
maiz;2021-04-17;wc30;32.160000000000004
maiz;2021-04-18;wc30;32.128
maiz;2021-04-19;wc30;32.064
maiz;2021-04-20;wc30;31.984
maiz;2021-04-21;wc30;33.023
maiz;2021-04-22;wc30;37.362
maiz;2021-04-23;wc30;36.823
maiz;2021-04-24;wc30;36.559
maiz;2021-04-25;wc30;36.313
maiz;2021-04-26;wc30;36.112
maiz;2021-04-27;wc30;35.946
maiz;2021-04-28;wc30;35.785
maiz;2021-04-29;wc30;35.604
maiz;2021-04-30;wc30;35.41
maiz;2021-05-01;wc30;38.247
maiz;2021-05-02;wc30;39.729
maiz;2021-05-03;wc30;39.702999999999996
maiz;2021-05-04;wc30;38.309000000000005
maiz;2021-05-05;wc30;37.881
maiz;2021-05-06;wc30;37.593
maiz;2021-05-07;wc30;37.385
maiz;2021-05-08;wc30;37.211
maiz;2021-05-09;wc30;37.014
maiz;2021-05-10;wc30;36.84
maiz;2021-05-11;wc30;36.723
maiz;2021-05-12;wc30;36.566
maiz;2021-05-13;wc30;36.437
maiz;2021-05-14;wc30;36.291
maiz;2021-05-15;wc30;36.166
maiz;2021-05-16;wc30;36.074
maiz;2021-05-17;wc30;35.943
maiz;2021-05-18;wc30;35.808
maiz;2021-05-19;wc30;35.709
maiz;2021-05-20;wc30;39.059
maiz;2021-05-21;wc30;38.139
maiz;2021-05-22;wc30;37.827
maiz;2021-05-23;wc30;37.625
maiz;2021-05-24;wc30;37.427
maiz;2021-05-25;wc30;37.256
maiz;2021-05-26;wc30;37.11
maiz;2021-05-27;wc30;37.369
maiz;2021-05-28;wc30;39.052
maiz;2021-05-29;wc30;38.182
maiz;2021-05-30;wc30;37.942
maiz;2021-05-31;wc30;39.353
maiz;2021-06-01;wc30;40.359
maiz;2021-06-02;wc30;38.879
maiz;2021-06-03;wc30;38.248000000000005
maiz;2021-06-04;wc30;37.944
maiz;2021-06-05;wc30;37.787
maiz;2021-06-06;wc30;37.573
maiz;2021-06-07;wc30;37.405
maiz;2021-06-08;wc30;37.246
maiz;2021-06-09;wc30;39.463
maiz;2021-06-10;wc30;38.487
maiz;2021-06-11;wc30;38.148
maiz;2021-06-12;wc30;37.858000000000004
maiz;2021-06-13;wc30;37.660000000000004
maiz;2021-06-14;wc30;37.432
maiz;2021-06-15;wc30;37.268
maiz;2021-06-16;wc30;37.11
maiz;2021-06-17;wc30;36.945
maiz;2021-06-18;wc30;36.786
maiz;2021-06-19;wc30;36.65
maiz;2021-06-20;wc30;36.526
maiz;2021-06-21;wc30;37.352
maiz;2021-06-22;wc30;38.731
maiz;2021-06-23;wc30;39.827999999999996
maiz;2021-06-24;wc30;39.565
maiz;2021-06-25;wc30;40.114
maiz;2021-06-26;wc30;38.804
maiz;2021-06-27;wc30;38.525000000000006
maiz;2021-06-28;wc30;38.354
maiz;2021-06-29;wc30;38.185
maiz;2021-06-30;wc30;38.03
maiz;2021-07-01;wc30;37.859
trigo;2020-11-03;wc30;10.048
trigo;2020-11-04;wc30;34.687
trigo;2020-11-05;wc30;35.515
trigo;2020-11-06;wc30;36.524
trigo;2020-11-07;wc30;36.122
trigo;2020-11-08;wc30;35.896
trigo;2020-11-09;wc30;35.726
trigo;2020-11-10;wc30;35.576
trigo;2020-11-11;wc30;35.437
trigo;2020-11-12;wc30;35.314
trigo;2020-11-13;wc30;35.214
trigo;2020-11-14;wc30;35.111
trigo;2020-11-15;wc30;35.036
trigo;2020-11-16;wc30;34.949999999999996
trigo;2020-11-17;wc30;34.852
trigo;2020-11-18;wc30;34.751999999999995
trigo;2020-11-19;wc30;34.635
trigo;2020-11-20;wc30;34.546
trigo;2020-11-21;wc30;34.451
trigo;2020-11-22;wc30;34.352
trigo;2020-11-23;wc30;34.241
trigo;2020-11-24;wc30;35.385
trigo;2020-11-25;wc30;37.995000000000005
trigo;2020-11-26;wc30;37.159
trigo;2020-11-27;wc30;36.716
trigo;2020-11-28;wc30;36.454
trigo;2020-11-29;wc30;36.258
trigo;2020-11-30;wc30;36.077
trigo;2020-12-01;wc30;35.903999999999996
trigo;2020-12-02;wc30;35.767
trigo;2020-12-03;wc30;35.573
trigo;2020-12-04;wc30;35.363
trigo;2020-12-05;wc30;35.092999999999996
trigo;2020-12-06;wc30;34.757
trigo;2020-12-07;wc30;34.358
trigo;2020-12-08;wc30;33.897
trigo;2020-12-09;wc30;33.351
trigo;2020-12-10;wc30;32.808
trigo;2020-12-11;wc30;32.47
trigo;2020-12-12;wc30;32.160000000000004
trigo;2020-12-13;wc30;32.089
trigo;2020-12-14;wc30;31.913
trigo;2020-12-15;wc30;31.717000000000002
trigo;2020-12-16;wc30;31.353
trigo;2020-12-17;wc30;30.932000000000002
trigo;2020-12-18;wc30;30.626
trigo;2020-12-19;wc30;30.587
trigo;2020-12-20;wc30;30.412
trigo;2020-12-21;wc30;30.127
trigo;2020-12-22;wc30;29.814
trigo;2020-12-23;wc30;29.553
trigo;2020-12-24;wc30;29.337
trigo;2020-12-25;wc30;29.128999999999998
trigo;2020-12-26;wc30;28.93
trigo;2020-12-27;wc30;28.741
trigo;2020-12-28;wc30;28.554
trigo;2020-12-29;wc30;28.401
trigo;2020-12-30;wc30;28.287999999999997
trigo;2020-12-31;wc30;28.165
trigo;2021-01-01;wc30;28.006999999999998
trigo;2021-01-02;wc30;27.913999999999998
trigo;2021-01-03;wc30;27.817999999999998
trigo;2021-01-04;wc30;27.711
trigo;2021-01-05;wc30;27.602999999999998
trigo;2021-01-06;wc30;27.476
trigo;2021-01-07;wc30;27.345
trigo;2021-01-08;wc30;27.252
trigo;2021-01-09;wc30;27.199999999999996
trigo;2021-01-10;wc30;27.144999999999996
trigo;2021-01-11;wc30;27.072
trigo;2021-01-12;wc30;27.049999999999997
trigo;2021-01-13;wc30;26.978
trigo;2021-01-14;wc30;26.942000000000004
trigo;2021-01-15;wc30;26.876
trigo;2021-01-16;wc30;26.838
trigo;2021-01-17;wc30;26.78
trigo;2021-01-18;wc30;26.745
trigo;2021-01-19;wc30;26.679000000000002
trigo;2021-01-20;wc30;26.619000000000003
trigo;2021-01-21;wc30;26.577
trigo;2021-01-22;wc30;26.517000000000003
trigo;2021-01-23;wc30;26.479000000000003
trigo;2021-01-24;wc30;26.417
trigo;2021-01-25;wc30;26.392000000000003
trigo;2021-01-26;wc30;26.359
trigo;2021-01-27;wc30;26.308000000000003
trigo;2021-01-28;wc30;26.304000000000002
trigo;2021-01-29;wc30;26.337000000000003
trigo;2021-01-30;wc30;35.913000000000004
trigo;2021-01-31;wc30;36.978
trigo;2021-02-01;wc30;36.212
trigo;2021-02-02;wc30;35.627
trigo;2021-02-03;wc30;35.064
trigo;2021-02-04;wc30;34.579
trigo;2021-02-05;wc30;34.158
trigo;2021-02-06;wc30;33.861999999999995
trigo;2021-02-07;wc30;33.666999999999994
trigo;2021-02-08;wc30;33.413999999999994
trigo;2021-02-09;wc30;33.058
trigo;2021-02-10;wc30;32.537
trigo;2021-02-11;wc30;32.066
trigo;2021-02-12;wc30;31.756
trigo;2021-02-13;wc30;31.289
trigo;2021-02-14;wc30;30.698
trigo;2021-02-15;wc30;30.129
trigo;2021-02-16;wc30;29.732
trigo;2021-02-17;wc30;29.564
trigo;2021-02-18;wc30;29.252
trigo;2021-02-19;wc30;28.91
trigo;2021-02-20;wc30;28.595
trigo;2021-02-21;wc30;28.302
trigo;2021-02-22;wc30;28.055999999999997
trigo;2021-02-23;wc30;27.866999999999997
trigo;2021-02-24;wc30;27.680999999999997
trigo;2021-02-25;wc30;27.508999999999997
trigo;2021-02-26;wc30;27.368999999999996
trigo;2021-02-27;wc30;27.266999999999996
trigo;2021-02-28;wc30;27.147
trigo;2021-03-01;wc30;27.048
trigo;2021-03-02;wc30;26.969
trigo;2021-03-03;wc30;26.894000000000002
trigo;2021-03-04;wc30;26.853
trigo;2021-03-05;wc30;26.783
trigo;2021-03-06;wc30;26.727000000000004
trigo;2021-03-07;wc30;26.69
trigo;2021-03-08;wc30;26.687
trigo;2021-03-09;wc30;26.637000000000004
trigo;2021-03-10;wc30;26.592000000000002
trigo;2021-03-11;wc30;26.591
trigo;2021-03-12;wc30;26.582
trigo;2021-03-13;wc30;26.547
trigo;2021-03-14;wc30;26.504
trigo;2021-03-15;wc30;26.496000000000002
trigo;2021-03-16;wc30;26.517000000000003
trigo;2021-03-17;wc30;26.500000000000004
trigo;2021-03-18;wc30;26.496000000000002
trigo;2021-03-19;wc30;26.497000000000003
trigo;2021-03-20;wc30;26.496000000000002
trigo;2021-03-21;wc30;26.496000000000002
trigo;2021-03-22;wc30;26.496000000000002
trigo;2021-03-23;wc30;26.496000000000002
trigo;2021-03-24;wc30;26.496000000000002
trigo;2021-03-25;wc30;26.496000000000002
trigo;2021-03-26;wc30;26.496000000000002
trigo;2021-03-27;wc30;26.496000000000002
trigo;2021-03-28;wc30;26.496000000000002
trigo;2021-03-29;wc30;26.496000000000002
trigo;2021-03-30;wc30;26.496000000000002
trigo;2021-03-31;wc30;26.496000000000002
trigo;2021-04-01;wc30;26.496000000000002
trigo;2021-04-02;wc30;26.496000000000002
trigo;2021-04-03;wc30;26.496000000000002
trigo;2021-04-04;wc30;27.601000000000003
trigo;2021-04-05;wc30;26.496000000000002
trigo;2021-04-06;wc30;26.496000000000002
trigo;2021-04-07;wc30;26.496000000000002
trigo;2021-04-08;wc30;26.496000000000002
trigo;2021-04-09;wc30;26.496000000000002
trigo;2021-04-10;wc30;26.496000000000002
trigo;2021-04-11;wc30;26.508000000000003
trigo;2021-04-12;wc30;26.497000000000003
trigo;2021-04-13;wc30;26.497000000000003
trigo;2021-04-14;wc30;26.497000000000003
trigo;2021-04-15;wc30;26.496000000000002
trigo;2021-04-16;wc30;26.496000000000002
trigo;2021-04-17;wc30;26.496000000000002
trigo;2021-04-18;wc30;26.496000000000002
trigo;2021-04-19;wc30;26.496000000000002
trigo;2021-04-20;wc30;26.496000000000002
trigo;2021-04-21;wc30;27.421000000000003
trigo;2021-04-22;wc30;34.766999999999996
trigo;2021-04-23;wc30;33.909
trigo;2021-04-24;wc30;33.413
trigo;2021-04-25;wc30;33.088
trigo;2021-04-26;wc30;32.846000000000004
trigo;2021-04-27;wc30;32.669000000000004
trigo;2021-04-28;wc30;32.517
trigo;2021-04-29;wc30;32.382000000000005
trigo;2021-04-30;wc30;32.273
trigo;2021-05-01;wc30;35.408
trigo;2021-05-02;wc30;37.628
trigo;2021-05-03;wc30;37.674
trigo;2021-05-04;wc30;37.048
trigo;2021-05-05;wc30;36.687
trigo;2021-05-06;wc30;36.386
trigo;2021-05-07;wc30;36.217
trigo;2021-05-08;wc30;36.126
trigo;2021-05-09;wc30;36.027
trigo;2021-05-10;wc30;35.937
trigo;2021-05-11;wc30;35.894
trigo;2021-05-12;wc30;35.808
trigo;2021-05-13;wc30;35.79
trigo;2021-05-14;wc30;35.712
trigo;2021-05-15;wc30;35.702
trigo;2021-05-16;wc30;35.616
trigo;2021-05-17;wc30;35.616
trigo;2021-05-18;wc30;35.553
trigo;2021-05-19;wc30;35.622
trigo;2021-05-20;wc30;37.717
trigo;2021-05-21;wc30;37.162
trigo;2021-05-22;wc30;36.836
trigo;2021-05-23;wc30;36.642
trigo;2021-05-24;wc30;36.466
trigo;2021-05-25;wc30;36.369
trigo;2021-05-26;wc30;36.288
trigo;2021-05-27;wc30;36.488
trigo;2021-05-28;wc30;37.583
trigo;2021-05-29;wc30;37.092
trigo;2021-05-30;wc30;36.812
trigo;2021-05-31;wc30;37.532000000000004
trigo;2021-06-01;wc30;38.102000000000004
trigo;2021-06-02;wc30;37.412
trigo;2021-06-03;wc30;37.125
trigo;2021-06-04;wc30;36.894
trigo;2021-06-05;wc30;36.787
trigo;2021-06-06;wc30;36.652
trigo;2021-06-07;wc30;36.499
trigo;2021-06-08;wc30;36.451
trigo;2021-06-09;wc30;37.739000000000004
trigo;2021-06-10;wc30;37.371
trigo;2021-06-11;wc30;37.133
trigo;2021-06-12;wc30;36.897
trigo;2021-06-13;wc30;36.747
trigo;2021-06-14;wc30;36.601
trigo;2021-06-15;wc30;36.51
trigo;2021-06-16;wc30;36.469
trigo;2021-06-17;wc30;36.384
trigo;2021-06-18;wc30;36.361
trigo;2021-06-19;wc30;36.288
trigo;2021-06-20;wc30;36.262
trigo;2021-06-21;wc30;36.348
trigo;2021-06-22;wc30;37.307
trigo;2021-06-23;wc30;38.057
trigo;2021-06-24;wc30;37.971000000000004
trigo;2021-06-25;wc30;38.008
trigo;2021-06-26;wc30;37.613
trigo;2021-06-27;wc30;37.39
trigo;2021-06-28;wc30;37.226
trigo;2021-06-29;wc30;37.059
trigo;2021-06-30;wc30;36.927
trigo;2021-07-01;wc30;36.784
maiz;2020-11-19;wc45;8.926
maiz;2020-11-20;wc45;34.259
maiz;2020-11-21;wc45;34.176
maiz;2020-11-22;wc45;34.163
maiz;2020-11-23;wc45;34.074999999999996
maiz;2020-11-24;wc45;33.981
maiz;2020-11-25;wc45;33.888
maiz;2020-11-26;wc45;33.797
maiz;2020-11-27;wc45;33.72
maiz;2020-11-28;wc45;35.722
maiz;2020-11-29;wc45;36.544
maiz;2020-11-30;wc45;35.906
maiz;2020-12-01;wc45;39.995
maiz;2020-12-02;wc45;42.678999999999995
maiz;2020-12-03;wc45;42.379
maiz;2020-12-04;wc45;45.074
maiz;2020-12-05;wc45;43.672
maiz;2020-12-06;wc45;38.889
maiz;2020-12-07;wc45;37.835
maiz;2020-12-08;wc45;37.226
maiz;2020-12-09;wc45;40.403
maiz;2020-12-10;wc45;42.742
maiz;2020-12-11;wc45;42.906
maiz;2020-12-12;wc45;39.347
maiz;2020-12-13;wc45;39.592
maiz;2020-12-14;wc45;40.016
maiz;2020-12-15;wc45;39.089
maiz;2020-12-16;wc45;38.161
maiz;2020-12-17;wc45;40.529
maiz;2020-12-18;wc45;43.925000000000004
maiz;2020-12-19;wc45;41.077999999999996
maiz;2020-12-20;wc45;39.278999999999996
maiz;2020-12-21;wc45;38.357
maiz;2020-12-22;wc45;37.802
maiz;2020-12-23;wc45;40.349000000000004
maiz;2020-12-24;wc45;39.241
maiz;2020-12-25;wc45;38.248000000000005
maiz;2020-12-26;wc45;37.701
maiz;2020-12-27;wc45;37.307
maiz;2020-12-28;wc45;39.979
maiz;2020-12-29;wc45;44.557
maiz;2020-12-30;wc45;43.243
maiz;2020-12-31;wc45;40.342
maiz;2021-01-01;wc45;39.25
maiz;2021-01-02;wc45;40.772
maiz;2021-01-03;wc45;39.397999999999996
maiz;2021-01-04;wc45;40.969
maiz;2021-01-05;wc45;40.543
maiz;2021-01-06;wc45;41.488
maiz;2021-01-07;wc45;44.257
maiz;2021-01-08;wc45;39.829
maiz;2021-01-09;wc45;38.701
maiz;2021-01-10;wc45;38.167
maiz;2021-01-11;wc45;40.576
maiz;2021-01-12;wc45;44.765
maiz;2021-01-13;wc45;43.891
maiz;2021-01-14;wc45;44.629999999999995
maiz;2021-01-15;wc45;40.353
maiz;2021-01-16;wc45;39.057
maiz;2021-01-17;wc45;38.463
maiz;2021-01-18;wc45;39.789
maiz;2021-01-19;wc45;43.755
maiz;2021-01-20;wc45;39.978
maiz;2021-01-21;wc45;40.386
maiz;2021-01-22;wc45;43.788000000000004
maiz;2021-01-23;wc45;40.07
maiz;2021-01-24;wc45;38.783
maiz;2021-01-25;wc45;38.189
maiz;2021-01-26;wc45;37.798
maiz;2021-01-27;wc45;41.875
maiz;2021-01-28;wc45;44.368
maiz;2021-01-29;wc45;44.459
maiz;2021-01-30;wc45;43.75
maiz;2021-01-31;wc45;42.567
maiz;2021-02-01;wc45;39.92
maiz;2021-02-02;wc45;39.004
maiz;2021-02-03;wc45;38.5
maiz;2021-02-04;wc45;38.113
maiz;2021-02-05;wc45;37.789
maiz;2021-02-06;wc45;37.53
maiz;2021-02-07;wc45;37.335
maiz;2021-02-08;wc45;37.137
maiz;2021-02-09;wc45;36.947
maiz;2021-02-10;wc45;36.766
maiz;2021-02-11;wc45;36.589
maiz;2021-02-12;wc45;36.443
maiz;2021-02-13;wc45;36.288
maiz;2021-02-14;wc45;36.12
maiz;2021-02-15;wc45;35.939
maiz;2021-02-16;wc45;35.808
maiz;2021-02-17;wc45;35.727
maiz;2021-02-18;wc45;37.919
maiz;2021-02-19;wc45;43.732
maiz;2021-02-20;wc45;40.079
maiz;2021-02-21;wc45;38.888
maiz;2021-02-22;wc45;40.575
maiz;2021-02-23;wc45;42.746
maiz;2021-02-24;wc45;44.977
maiz;2021-02-25;wc45;44.238
maiz;2021-02-26;wc45;43.141
maiz;2021-02-27;wc45;39.464999999999996
maiz;2021-02-28;wc45;38.601
maiz;2021-03-01;wc45;38.118
maiz;2021-03-02;wc45;37.728
maiz;2021-03-03;wc45;37.4
maiz;2021-03-04;wc45;37.098
maiz;2021-03-05;wc45;36.832
maiz;2021-03-06;wc45;36.601
maiz;2021-03-07;wc45;36.405
maiz;2021-03-08;wc45;36.192
maiz;2021-03-09;wc45;35.985
maiz;2021-03-10;wc45;35.807
maiz;2021-03-11;wc45;35.638
maiz;2021-03-12;wc45;35.457
maiz;2021-03-13;wc45;35.249
maiz;2021-03-14;wc45;35.061
maiz;2021-03-15;wc45;35.025999999999996
maiz;2021-03-16;wc45;35.006
maiz;2021-03-17;wc45;35.05
maiz;2021-03-18;wc45;35.068
maiz;2021-03-19;wc45;43.632000000000005
maiz;2021-03-20;wc45;43.427
maiz;2021-03-21;wc45;40.344
maiz;2021-03-22;wc45;39.422999999999995
maiz;2021-03-23;wc45;38.962
maiz;2021-03-24;wc45;38.651
maiz;2021-03-25;wc45;38.365
maiz;2021-03-26;wc45;38.108000000000004
maiz;2021-03-27;wc45;37.869
maiz;2021-03-28;wc45;37.664
maiz;2021-03-29;wc45;37.498000000000005
maiz;2021-03-30;wc45;37.398
maiz;2021-03-31;wc45;37.28
maiz;2021-04-01;wc45;37.167
maiz;2021-04-02;wc45;37.059
maiz;2021-04-03;wc45;36.898
maiz;2021-04-04;wc45;38.31
maiz;2021-04-05;wc45;36.713
maiz;2021-04-06;wc45;36.622
maiz;2021-04-07;wc45;36.566
maiz;2021-04-08;wc45;36.525
maiz;2021-04-09;wc45;36.459
maiz;2021-04-10;wc45;36.434
maiz;2021-04-11;wc45;36.354
maiz;2021-04-12;wc45;36.333
maiz;2021-04-13;wc45;36.246
maiz;2021-04-14;wc45;36.151
maiz;2021-04-15;wc45;36.1
maiz;2021-04-16;wc45;36.052
maiz;2021-04-17;wc45;36.031
maiz;2021-04-18;wc45;35.98
maiz;2021-04-19;wc45;35.954
maiz;2021-04-20;wc45;35.889
maiz;2021-04-21;wc45;36.259
maiz;2021-04-22;wc45;39.528999999999996
maiz;2021-04-23;wc45;38.802
maiz;2021-04-24;wc45;38.295
maiz;2021-04-25;wc45;37.982
maiz;2021-04-26;wc45;37.753
maiz;2021-04-27;wc45;37.573
maiz;2021-04-28;wc45;37.438
maiz;2021-04-29;wc45;37.344
maiz;2021-04-30;wc45;37.312
maiz;2021-05-01;wc45;40.32
maiz;2021-05-02;wc45;43.082
maiz;2021-05-03;wc45;43.225
maiz;2021-05-04;wc45;41.265
maiz;2021-05-05;wc45;40.302
maiz;2021-05-06;wc45;39.794999999999995
maiz;2021-05-07;wc45;39.436
maiz;2021-05-08;wc45;39.171
maiz;2021-05-09;wc45;38.953
maiz;2021-05-10;wc45;38.787
maiz;2021-05-11;wc45;38.641000000000005
maiz;2021-05-12;wc45;38.545
maiz;2021-05-13;wc45;38.446000000000005
maiz;2021-05-14;wc45;38.353
maiz;2021-05-15;wc45;38.282000000000004
maiz;2021-05-16;wc45;38.193000000000005
maiz;2021-05-17;wc45;38.112
maiz;2021-05-18;wc45;38.051
maiz;2021-05-19;wc45;38.016000000000005
maiz;2021-05-20;wc45;40.817
maiz;2021-05-21;wc45;40.551
maiz;2021-05-22;wc45;39.967
maiz;2021-05-23;wc45;39.586
maiz;2021-05-24;wc45;39.318
maiz;2021-05-25;wc45;39.119
maiz;2021-05-26;wc45;38.947
maiz;2021-05-27;wc45;38.995000000000005
maiz;2021-05-28;wc45;41.936
maiz;2021-05-29;wc45;40.406
maiz;2021-05-30;wc45;39.858999999999995
maiz;2021-05-31;wc45;41.237
maiz;2021-06-01;wc45;43.86
maiz;2021-06-02;wc45;41.589
maiz;2021-06-03;wc45;40.492
maiz;2021-06-04;wc45;39.954
maiz;2021-06-05;wc45;39.597
maiz;2021-06-06;wc45;39.348
maiz;2021-06-07;wc45;39.149
maiz;2021-06-08;wc45;39.009
maiz;2021-06-09;wc45;41.988
maiz;2021-06-10;wc45;40.855
maiz;2021-06-11;wc45;40.138
maiz;2021-06-12;wc45;39.707
maiz;2021-06-13;wc45;39.421
maiz;2021-06-14;wc45;39.202
maiz;2021-06-15;wc45;39.028
maiz;2021-06-16;wc45;38.891000000000005
maiz;2021-06-17;wc45;38.749
maiz;2021-06-18;wc45;38.649
maiz;2021-06-19;wc45;38.555
maiz;2021-06-20;wc45;38.493
maiz;2021-06-21;wc45;38.45
maiz;2021-06-22;wc45;38.926
maiz;2021-06-23;wc45;42.324
maiz;2021-06-24;wc45;42.698
maiz;2021-06-25;wc45;43.769
maiz;2021-06-26;wc45;41.737
maiz;2021-06-27;wc45;40.74
maiz;2021-06-28;wc45;40.262
maiz;2021-06-29;wc45;39.933
maiz;2021-06-30;wc45;39.669999999999995
maiz;2021-07-01;wc45;39.486999999999995
trigo;2020-11-03;wc45;10.190999999999999
trigo;2020-11-04;wc45;34.921
trigo;2020-11-05;wc45;35.323
trigo;2020-11-06;wc45;35.375
trigo;2020-11-07;wc45;35.05
trigo;2020-11-08;wc45;34.896
trigo;2020-11-09;wc45;34.794
trigo;2020-11-10;wc45;34.736
trigo;2020-11-11;wc45;34.656
trigo;2020-11-12;wc45;34.586
trigo;2020-11-13;wc45;34.559
trigo;2020-11-14;wc45;34.544
trigo;2020-11-15;wc45;34.482
trigo;2020-11-16;wc45;34.464
trigo;2020-11-17;wc45;34.440999999999995
trigo;2020-11-18;wc45;34.372
trigo;2020-11-19;wc45;34.366
trigo;2020-11-20;wc45;34.298
trigo;2020-11-21;wc45;34.272999999999996
trigo;2020-11-22;wc45;34.269
trigo;2020-11-23;wc45;34.207
trigo;2020-11-24;wc45;35.643
trigo;2020-11-25;wc45;38.052
trigo;2020-11-26;wc45;36.221000000000004
trigo;2020-11-27;wc45;35.719
trigo;2020-11-28;wc45;35.525
trigo;2020-11-29;wc45;35.4
trigo;2020-11-30;wc45;35.287
trigo;2020-12-01;wc45;35.192
trigo;2020-12-02;wc45;35.155
trigo;2020-12-03;wc45;35.133
trigo;2020-12-04;wc45;35.072
trigo;2020-12-05;wc45;35.022999999999996
trigo;2020-12-06;wc45;34.931
trigo;2020-12-07;wc45;34.818999999999996
trigo;2020-12-08;wc45;34.699
trigo;2020-12-09;wc45;34.524
trigo;2020-12-10;wc45;34.349
trigo;2020-12-11;wc45;34.165
trigo;2020-12-12;wc45;33.97
trigo;2020-12-13;wc45;33.792
trigo;2020-12-14;wc45;33.536
trigo;2020-12-15;wc45;33.251
trigo;2020-12-16;wc45;32.824
trigo;2020-12-17;wc45;32.297000000000004
trigo;2020-12-18;wc45;31.895000000000003
trigo;2020-12-19;wc45;31.67
trigo;2020-12-20;wc45;31.291
trigo;2020-12-21;wc45;30.807000000000002
trigo;2020-12-22;wc45;30.363
trigo;2020-12-23;wc45;29.943
trigo;2020-12-24;wc45;29.639
trigo;2020-12-25;wc45;29.278
trigo;2020-12-26;wc45;28.96
trigo;2020-12-27;wc45;28.641
trigo;2020-12-28;wc45;28.354999999999997
trigo;2020-12-29;wc45;28.086
trigo;2020-12-30;wc45;27.874
trigo;2020-12-31;wc45;27.677
trigo;2021-01-01;wc45;27.483999999999998
trigo;2021-01-02;wc45;27.326999999999998
trigo;2021-01-03;wc45;27.199999999999996
trigo;2021-01-04;wc45;27.035
trigo;2021-01-05;wc45;26.861000000000004
trigo;2021-01-06;wc45;26.745
trigo;2021-01-07;wc45;26.580000000000002
trigo;2021-01-08;wc45;26.476000000000003
trigo;2021-01-09;wc45;26.382
trigo;2021-01-10;wc45;26.304000000000002
trigo;2021-01-11;wc45;26.258000000000003
trigo;2021-01-12;wc45;26.207
trigo;2021-01-13;wc45;26.156000000000002
trigo;2021-01-14;wc45;26.106
trigo;2021-01-15;wc45;26.023000000000003
trigo;2021-01-16;wc45;26.012
trigo;2021-01-17;wc45;25.939
trigo;2021-01-18;wc45;25.919
trigo;2021-01-19;wc45;25.842000000000002
trigo;2021-01-20;wc45;25.823
trigo;2021-01-21;wc45;25.746000000000002
trigo;2021-01-22;wc45;25.728
trigo;2021-01-23;wc45;25.687
trigo;2021-01-24;wc45;25.632
trigo;2021-01-25;wc45;25.618000000000002
trigo;2021-01-26;wc45;25.537000000000003
trigo;2021-01-27;wc45;25.536
trigo;2021-01-28;wc45;25.536
trigo;2021-01-29;wc45;25.454
trigo;2021-01-30;wc45;29.273
trigo;2021-01-31;wc45;34.510999999999996
trigo;2021-02-01;wc45;34.019999999999996
trigo;2021-02-02;wc45;33.288
trigo;2021-02-03;wc45;32.650000000000006
trigo;2021-02-04;wc45;32.095
trigo;2021-02-05;wc45;31.628
trigo;2021-02-06;wc45;31.334
trigo;2021-02-07;wc45;31.141000000000002
trigo;2021-02-08;wc45;30.944000000000003
trigo;2021-02-09;wc45;30.723
trigo;2021-02-10;wc45;30.422
trigo;2021-02-11;wc45;30.121
trigo;2021-02-12;wc45;29.91
trigo;2021-02-13;wc45;29.695999999999998
trigo;2021-02-14;wc45;29.4
trigo;2021-02-15;wc45;29.081
trigo;2021-02-16;wc45;28.781
trigo;2021-02-17;wc45;28.627
trigo;2021-02-18;wc45;28.342
trigo;2021-02-19;wc45;28.058999999999997
trigo;2021-02-20;wc45;27.776999999999997
trigo;2021-02-21;wc45;27.494999999999997
trigo;2021-02-22;wc45;27.276999999999997
trigo;2021-02-23;wc45;27.044
trigo;2021-02-24;wc45;26.852000000000004
trigo;2021-02-25;wc45;26.677000000000003
trigo;2021-02-26;wc45;26.562
trigo;2021-02-27;wc45;26.46
trigo;2021-02-28;wc45;26.343000000000004
trigo;2021-03-01;wc45;26.255000000000003
trigo;2021-03-02;wc45;26.163
trigo;2021-03-03;wc45;26.077
trigo;2021-03-04;wc45;26
trigo;2021-03-05;wc45;25.92
trigo;2021-03-06;wc45;25.905
trigo;2021-03-07;wc45;25.827
trigo;2021-03-08;wc45;25.824
trigo;2021-03-09;wc45;25.815
trigo;2021-03-10;wc45;25.731
trigo;2021-03-11;wc45;25.728
trigo;2021-03-12;wc45;25.728
trigo;2021-03-13;wc45;25.728
trigo;2021-03-14;wc45;25.728
trigo;2021-03-15;wc45;25.719
trigo;2021-03-16;wc45;25.704
trigo;2021-03-17;wc45;25.727
trigo;2021-03-18;wc45;25.727
trigo;2021-03-19;wc45;25.728
trigo;2021-03-20;wc45;25.728
trigo;2021-03-21;wc45;25.728
trigo;2021-03-22;wc45;25.728
trigo;2021-03-23;wc45;25.728
trigo;2021-03-24;wc45;25.728
trigo;2021-03-25;wc45;25.728
trigo;2021-03-26;wc45;25.728
trigo;2021-03-27;wc45;25.728
trigo;2021-03-28;wc45;25.728
trigo;2021-03-29;wc45;25.728
trigo;2021-03-30;wc45;25.728
trigo;2021-03-31;wc45;25.728
trigo;2021-04-01;wc45;25.728
trigo;2021-04-02;wc45;25.728
trigo;2021-04-03;wc45;25.728
trigo;2021-04-04;wc45;26.8
trigo;2021-04-05;wc45;25.728
trigo;2021-04-06;wc45;25.728
trigo;2021-04-07;wc45;25.728
trigo;2021-04-08;wc45;25.728
trigo;2021-04-09;wc45;25.728
trigo;2021-04-10;wc45;25.728
trigo;2021-04-11;wc45;25.729000000000003
trigo;2021-04-12;wc45;25.736
trigo;2021-04-13;wc45;25.732000000000003
trigo;2021-04-14;wc45;25.734
trigo;2021-04-15;wc45;25.733
trigo;2021-04-16;wc45;25.735000000000003
trigo;2021-04-17;wc45;25.738000000000003
trigo;2021-04-18;wc45;25.729000000000003
trigo;2021-04-19;wc45;25.740000000000002
trigo;2021-04-20;wc45;25.734
trigo;2021-04-21;wc45;25.731
trigo;2021-04-22;wc45;25.840000000000003
trigo;2021-04-23;wc45;25.990000000000002
trigo;2021-04-24;wc45;26.107000000000003
trigo;2021-04-25;wc45;26.200000000000003
trigo;2021-04-26;wc45;26.268
trigo;2021-04-27;wc45;26.305000000000003
trigo;2021-04-28;wc45;26.375000000000004
trigo;2021-04-29;wc45;26.404000000000003
trigo;2021-04-30;wc45;26.477000000000004
trigo;2021-05-01;wc45;29.955000000000002
trigo;2021-05-02;wc45;36.402
trigo;2021-05-03;wc45;36.404
trigo;2021-05-04;wc45;35.601
trigo;2021-05-05;wc45;35.263999999999996
trigo;2021-05-06;wc45;35.098
trigo;2021-05-07;wc45;34.977
trigo;2021-05-08;wc45;34.906
trigo;2021-05-09;wc45;34.836999999999996
trigo;2021-05-10;wc45;34.753
trigo;2021-05-11;wc45;34.722
trigo;2021-05-12;wc45;34.66
trigo;2021-05-13;wc45;34.643
trigo;2021-05-14;wc45;34.562
trigo;2021-05-15;wc45;34.557
trigo;2021-05-16;wc45;34.483
trigo;2021-05-17;wc45;34.464
trigo;2021-05-18;wc45;34.464
trigo;2021-05-19;wc45;34.415
trigo;2021-05-20;wc45;36.307
trigo;2021-05-21;wc45;35.689
trigo;2021-05-22;wc45;35.44
trigo;2021-05-23;wc45;35.299
trigo;2021-05-24;wc45;35.204
trigo;2021-05-25;wc45;35.126
trigo;2021-05-26;wc45;35.042
trigo;2021-05-27;wc45;35.211
trigo;2021-05-28;wc45;36.431
trigo;2021-05-29;wc45;35.677
trigo;2021-05-30;wc45;35.448
trigo;2021-05-31;wc45;36.179
trigo;2021-06-01;wc45;37.539
trigo;2021-06-02;wc45;36.397
trigo;2021-06-03;wc45;35.847
trigo;2021-06-04;wc45;35.602
trigo;2021-06-05;wc45;35.458
trigo;2021-06-06;wc45;35.351
trigo;2021-06-07;wc45;35.257
trigo;2021-06-08;wc45;35.205999999999996
trigo;2021-06-09;wc45;36.748
trigo;2021-06-10;wc45;36.027
trigo;2021-06-11;wc45;35.713
trigo;2021-06-12;wc45;35.545
trigo;2021-06-13;wc45;35.429
trigo;2021-06-14;wc45;35.333999999999996
trigo;2021-06-15;wc45;35.247
trigo;2021-06-16;wc45;35.192
trigo;2021-06-17;wc45;35.135
trigo;2021-06-18;wc45;35.063
trigo;2021-06-19;wc45;35.04
trigo;2021-06-20;wc45;35.013999999999996
trigo;2021-06-21;wc45;34.944
trigo;2021-06-22;wc45;35.135
trigo;2021-06-23;wc45;36.756
trigo;2021-06-24;wc45;36.743
trigo;2021-06-25;wc45;37.007
trigo;2021-06-26;wc45;36.188
trigo;2021-06-27;wc45;35.839
trigo;2021-06-28;wc45;35.683
trigo;2021-06-29;wc45;35.594
trigo;2021-06-30;wc45;35.512
trigo;2021-07-01;wc45;35.425
maiz;2020-11-19;et0;133.2154183726451
maiz;2020-11-20;et0;334.1171075433844
maiz;2020-11-21;et0;647.2819772196183
maiz;2020-11-22;et0;779.0270667253535
maiz;2020-11-23;et0;769.0799971951587
maiz;2020-11-24;et0;660.2537913988045
maiz;2020-11-25;et0;749.1590320135389
maiz;2020-11-26;et0;774.4558604255252
maiz;2020-11-27;et0;782.2773042366583
maiz;2020-11-28;et0;779.8088552646107
maiz;2020-11-29;et0;791.2998271345491
maiz;2020-11-30;et0;821.3925908277957
maiz;2020-12-01;et0;666.7935037263347
maiz;2020-12-02;et0;780.0934286999568
maiz;2020-12-03;et0;753.7081352291813
maiz;2020-12-04;et0;828.5394920540458
maiz;2020-12-05;et0;863.4130554601654
maiz;2020-12-06;et0;841.5966218965058
maiz;2020-12-07;et0;818.4436076567051
maiz;2020-12-08;et0;812.8473104443121
maiz;2020-12-09;et0;848.7001967850539
maiz;2020-12-10;et0;472.5178110266942
maiz;2020-12-11;et0;775.7163621240121
maiz;2020-12-12;et0;151.00444971421058
maiz;2020-12-13;et0;840.7759080447507
maiz;2020-12-14;et0;643.2202915518739
maiz;2020-12-15;et0;813.9042785864399
maiz;2020-12-16;et0;864.401728806235
maiz;2020-12-17;et0;820.9241381796344
maiz;2020-12-18;et0;276.9634021908306
maiz;2020-12-19;et0;623.4183401355414
maiz;2020-12-20;et0;833.7422435331447
maiz;2020-12-21;et0;883.3638399655027
maiz;2020-12-22;et0;895.5212078128192
maiz;2020-12-23;et0;858.5299747391131
maiz;2020-12-24;et0;882.818292252293
maiz;2020-12-25;et0;890.8367845021702
maiz;2020-12-26;et0;890.7207803522313
maiz;2020-12-27;et0;862.3935350420873
maiz;2020-12-28;et0;895.2160179072113
maiz;2020-12-29;et0;771.445429708215
maiz;2020-12-30;et0;829.8403883013384
maiz;2020-12-31;et0;791.2850071354615
maiz;2021-01-01;et0;895.4373838358014
maiz;2021-01-02;et0;518.8189474502987
maiz;2021-01-03;et0;887.5980730856638
maiz;2021-01-04;et0;884.1420792329169
maiz;2021-01-05;et0;824.6620868214545
maiz;2021-01-06;et0;878.0259540744994
maiz;2021-01-07;et0;861.1038012705249
maiz;2021-01-08;et0;807.7208385049379
maiz;2021-01-09;et0;794.181919753639
maiz;2021-01-10;et0;732.7842133661627
maiz;2021-01-11;et0;741.5811470353148
maiz;2021-01-12;et0;810.8582602340874
maiz;2021-01-13;et0;830.1797356771687
maiz;2021-01-14;et0;769.7950535278179
maiz;2021-01-15;et0;780.9112869723617
maiz;2021-01-16;et0;790.1996762515301
maiz;2021-01-17;et0;814.3701408578904
maiz;2021-01-18;et0;818.0444457467539
maiz;2021-01-19;et0;838.3110851207028
maiz;2021-01-20;et0;832.85000848507
maiz;2021-01-21;et0;834.6254891668395
maiz;2021-01-22;et0;836.866703898517
maiz;2021-01-23;et0;812.4162365013308
maiz;2021-01-24;et0;821.1038149259924
maiz;2021-01-25;et0;809.5379437982161
maiz;2021-01-26;et0;762.8750726138511
maiz;2021-01-27;et0;705.0017607374447
maiz;2021-01-28;et0;357.1056553579422
maiz;2021-01-29;et0;110.80960916297381
maiz;2021-01-30;et0;299.0196668106782
maiz;2021-01-31;et0;419.5774575791233
maiz;2021-02-01;et0;556.0877232846659
maiz;2021-02-02;et0;766.946216128414
maiz;2021-02-03;et0;786.8590052298152
maiz;2021-02-04;et0;794.6790619045695
maiz;2021-02-05;et0;689.2851765509947
maiz;2021-02-06;et0;211.2222443092837
maiz;2021-02-07;et0;350.5683496417794
maiz;2021-02-08;et0;388.0954102035092
maiz;2021-02-09;et0;706.9649495090653
maiz;2021-02-10;et0;772.3051932485043
maiz;2021-02-11;et0;427.06647996100196
maiz;2021-02-12;et0;343.4412121020605
maiz;2021-02-13;et0;673.4625303552572
maiz;2021-02-14;et0;694.5620007875657
maiz;2021-02-15;et0;649.2892066210502
maiz;2021-02-16;et0;213.79268852567273
maiz;2021-02-17;et0;460.1420717032267
maiz;2021-02-18;et0;535.8624777739811
maiz;2021-02-19;et0;647.037800224471
maiz;2021-02-20;et0;654.1558096947688
maiz;2021-02-21;et0;652.6211103918964
maiz;2021-02-22;et0;633.3930478656656
maiz;2021-02-23;et0;662.879239364905
maiz;2021-02-24;et0;665.0743564847753
maiz;2021-02-25;et0;653.7646145028616
maiz;2021-02-26;et0;652.1604588837577
maiz;2021-02-27;et0;651.539260575095
maiz;2021-02-28;et0;647.4169305398158
maiz;2021-03-01;et0;626.3181425679821
maiz;2021-03-02;et0;617.1791272558223
maiz;2021-03-03;et0;613.4434646638747
maiz;2021-03-04;et0;633.2826838701271
maiz;2021-03-05;et0;598.9628800173933
maiz;2021-03-06;et0;534.487936848168
maiz;2021-03-07;et0;574.5786272708982
maiz;2021-03-08;et0;607.2181596330748
maiz;2021-03-09;et0;595.1344117284876
maiz;2021-03-10;et0;464.8235780921389
maiz;2021-03-11;et0;554.236370045308
maiz;2021-03-12;et0;549.976702522684
maiz;2021-03-13;et0;546.793209433951
maiz;2021-03-14;et0;510.3407384455936
maiz;2021-03-15;et0;123.11100729228957
maiz;2021-03-16;et0;332.1503778792312
maiz;2021-03-17;et0;501.130836174728
maiz;2021-03-18;et0;210.4318744425181
maiz;2021-03-19;et0;258.2372380488077
maiz;2021-03-20;et0;484.8709115224558
maiz;2021-03-21;et0;486.3216861469236
maiz;2021-03-22;et0;484.7583432841816
maiz;2021-03-23;et0;472.7204861282243
maiz;2021-03-24;et0;361.6618255186858
maiz;2021-03-25;et0;375.7238636341752
maiz;2021-03-26;et0;436.1526350412428
maiz;2021-03-27;et0;437.1334604845179
maiz;2021-03-28;et0;449.39495304513144
maiz;2021-03-29;et0;431.11044788777593
maiz;2021-03-30;et0;242.77768043087715
maiz;2021-03-31;et0;297.0135319149524
maiz;2021-04-01;et0;390.5355500086446
maiz;2021-04-02;et0;395.2998899171474
maiz;2021-04-03;et0;415.92419880491053
maiz;2021-04-04;et0;367.7860545660714
maiz;2021-04-05;et0;270.3470919078568
maiz;2021-04-06;et0;207.34763324666187
maiz;2021-04-07;et0;154.474489455326
maiz;2021-04-08;et0;308.63374829918865
maiz;2021-04-09;et0;159.54858915916805
maiz;2021-04-10;et0;331.21379373438975
maiz;2021-04-11;et0;361.06991219166605
maiz;2021-04-12;et0;369.2946490599133
maiz;2021-04-13;et0;368.14830284053266
maiz;2021-04-14;et0;349.94657832021835
maiz;2021-04-15;et0;355.16856786179545
maiz;2021-04-16;et0;344.3706196955063
maiz;2021-04-17;et0;307.4461953053821
maiz;2021-04-18;et0;280.0138716164727
maiz;2021-04-19;et0;311.3969008170017
maiz;2021-04-20;et0;297.8036323620163
maiz;2021-04-21;et0;62.75382409689107
maiz;2021-04-22;et0;281.94974030197056
maiz;2021-04-23;et0;198.08609432280062
maiz;2021-04-24;et0;311.18698826945007
maiz;2021-04-25;et0;305.9665467893307
maiz;2021-04-26;et0;301.59086612958316
maiz;2021-04-27;et0;290.3323915479652
maiz;2021-04-28;et0;289.64775628191364
maiz;2021-04-29;et0;261.55396512770557
maiz;2021-04-30;et0;78.15739031728805
maiz;2021-05-01;et0;15.279470989341734
maiz;2021-05-02;et0;24.548357952899565
maiz;2021-05-03;et0;26.480718030960478
maiz;2021-05-04;et0;255.1397203154028
maiz;2021-05-05;et0;258.4831298231598
maiz;2021-05-06;et0;266.5322023169104
maiz;2021-05-07;et0;97.66775175195465
maiz;2021-05-08;et0;198.87145861845744
maiz;2021-05-09;et0;232.00822301644217
maiz;2021-05-10;et0;161.9168222674537
maiz;2021-05-11;et0;235.9765189366436
maiz;2021-05-12;et0;229.54924689689742
maiz;2021-05-13;et0;188.1187374582512
maiz;2021-05-14;et0;136.08136672247525
maiz;2021-05-15;et0;183.25785737659564
maiz;2021-05-16;et0;191.8281217198782
maiz;2021-05-17;et0;176.82298926579244
maiz;2021-05-18;et0;40.184237889834726
maiz;2021-05-19;et0;79.32919736738161
maiz;2021-05-20;et0;65.48557698426136
maiz;2021-05-21;et0;147.49791159288307
maiz;2021-05-22;et0;197.51856459628803
maiz;2021-05-23;et0;195.87150754894319
maiz;2021-05-24;et0;187.0904179085427
maiz;2021-05-25;et0;175.20973298636625
maiz;2021-05-26;et0;202.19067935986234
maiz;2021-05-27;et0;62.33732630362342
maiz;2021-05-28;et0;149.46136598091167
maiz;2021-05-29;et0;83.52520751662429
maiz;2021-05-30;et0;160.58280242294617
maiz;2021-05-31;et0;16.3475733363686
maiz;2021-06-01;et0;26.534653670659548
maiz;2021-06-02;et0;137.97824814542867
maiz;2021-06-03;et0;151.13460441619213
maiz;2021-06-04;et0;44.78727493603639
maiz;2021-06-05;et0;151.04018527790421
maiz;2021-06-06;et0;52.52096786180258
maiz;2021-06-07;et0;175.96936953134116
maiz;2021-06-08;et0;180.46216835427643
maiz;2021-06-09;et0;96.08627276201582
maiz;2021-06-10;et0;177.34424840589497
maiz;2021-06-11;et0;173.29000470025474
maiz;2021-06-12;et0;184.15205168153648
maiz;2021-06-13;et0;87.16173878929521
maiz;2021-06-14;et0;59.534291617625975
maiz;2021-06-15;et0;45.58758786387203
maiz;2021-06-16;et0;156.19518876506808
maiz;2021-06-17;et0;163.68467930801717
maiz;2021-06-18;et0;157.95100951586724
maiz;2021-06-19;et0;127.27339424607773
maiz;2021-06-20;et0;110.07873706839035
maiz;2021-06-21;et0;17.165026788133353
maiz;2021-06-22;et0;96.314373362997
maiz;2021-06-23;et0;36.485421371188835
maiz;2021-06-24;et0;30.16851113782434
maiz;2021-06-25;et0;80.19970492613768
maiz;2021-06-26;et0;145.83154407068253
maiz;2021-06-27;et0;140.63907920144536
maiz;2021-06-28;et0;169.07033980071338
maiz;2021-06-29;et0;117.07094884760643
maiz;2021-06-30;et0;76.58679295036494
maiz;2021-07-01;et0;104.55582954405146
trigo;2020-11-03;et0;279.3520728320537
trigo;2020-11-04;et0;451.14041177969506
trigo;2020-11-05;et0;694.0982283495619
trigo;2020-11-06;et0;714.6940721240683
trigo;2020-11-07;et0;750.846120696989
trigo;2020-11-08;et0;716.5507016115195
trigo;2020-11-09;et0;748.0007009980845
trigo;2020-11-10;et0;760.2873780707822
trigo;2020-11-11;et0;535.2589673942122
trigo;2020-11-12;et0;661.4590871349842
trigo;2020-11-13;et0;372.1421720785808
trigo;2020-11-14;et0;681.3743939818886
trigo;2020-11-15;et0;737.1875849718791
trigo;2020-11-16;et0;758.383482096843
trigo;2020-11-17;et0;667.713068782585
trigo;2020-11-18;et0;724.1860508997329
trigo;2020-11-19;et0;671.48035488503
trigo;2020-11-20;et0;329.13017315346355
trigo;2020-11-21;et0;653.5834439890175
trigo;2020-11-22;et0;758.2185343674646
trigo;2020-11-23;et0;752.5926267383468
trigo;2020-11-24;et0;649.3507653955752
trigo;2020-11-25;et0;746.2706714222314
trigo;2020-11-26;et0;757.8331337529036
trigo;2020-11-27;et0;756.704147971636
trigo;2020-11-28;et0;758.3102468497317
trigo;2020-11-29;et0;767.769094520134
trigo;2020-11-30;et0;794.8676213770135
trigo;2020-12-01;et0;663.2034158360415
trigo;2020-12-02;et0;753.0583288221545
trigo;2020-12-03;et0;739.5860661311647
trigo;2020-12-04;et0;797.2795072183235
trigo;2020-12-05;et0;830.8964843150998
trigo;2020-12-06;et0;800.7159238191391
trigo;2020-12-07;et0;802.1704559803164
trigo;2020-12-08;et0;784.2305902686106
trigo;2020-12-09;et0;821.4778716299274
trigo;2020-12-10;et0;447.04359713575633
trigo;2020-12-11;et0;745.7417101152953
trigo;2020-12-12;et0;152.2530452449915
trigo;2020-12-13;et0;823.8056188192768
trigo;2020-12-14;et0;614.5702358805777
trigo;2020-12-15;et0;782.6991990495541
trigo;2020-12-16;et0;822.767553295475
trigo;2020-12-17;et0;783.7559299649258
trigo;2020-12-18;et0;273.7965829018913
trigo;2020-12-19;et0;618.2397065452618
trigo;2020-12-20;et0;806.965354242581
trigo;2020-12-21;et0;842.5362839363275
trigo;2020-12-22;et0;858.196183681905
trigo;2020-12-23;et0;822.6047413279042
trigo;2020-12-24;et0;844.676344769228
trigo;2020-12-25;et0;848.547943488758
trigo;2020-12-26;et0;852.6335682980268
trigo;2020-12-27;et0;818.6179266944893
trigo;2020-12-28;et0;850.6455226572034
trigo;2020-12-29;et0;737.268846885872
trigo;2020-12-30;et0;789.7485046027514
trigo;2020-12-31;et0;746.7968807764453
trigo;2021-01-01;et0;844.3571601531047
trigo;2021-01-02;et0;507.5728195592999
trigo;2021-01-03;et0;840.3309868858947
trigo;2021-01-04;et0;826.9542789333889
trigo;2021-01-05;et0;775.9992493094297
trigo;2021-01-06;et0;829.3732380321447
trigo;2021-01-07;et0;817.0536743065512
trigo;2021-01-08;et0;773.8769153711498
trigo;2021-01-09;et0;752.3583825966741
trigo;2021-01-10;et0;689.0709153265059
trigo;2021-01-11;et0;706.2769000461069
trigo;2021-01-12;et0;763.6543344476306
trigo;2021-01-13;et0;787.480734471166
trigo;2021-01-14;et0;746.4981623430637
trigo;2021-01-15;et0;735.5319212111121
trigo;2021-01-16;et0;756.7524630828502
trigo;2021-01-17;et0;782.4311651973417
trigo;2021-01-18;et0;784.0004855443051
trigo;2021-01-19;et0;795.8720382363251
trigo;2021-01-20;et0;787.2966785729221
trigo;2021-01-21;et0;797.2760302190214
trigo;2021-01-22;et0;800.7398452080024
trigo;2021-01-23;et0;782.466024925513
trigo;2021-01-24;et0;794.6392467933055
trigo;2021-01-25;et0;772.3303079398595
trigo;2021-01-26;et0;721.2193715357428
trigo;2021-01-27;et0;681.0644504475722
trigo;2021-01-28;et0;343.410677607135
trigo;2021-01-29;et0;109.3678101686829
trigo;2021-01-30;et0;292.8544858499688
trigo;2021-01-31;et0;406.0544931694241
trigo;2021-02-01;et0;540.8654020414219
trigo;2021-02-02;et0;749.5822829286764
trigo;2021-02-03;et0;774.5332046364105
trigo;2021-02-04;et0;782.5655488436158
trigo;2021-02-05;et0;653.0230244176346
trigo;2021-02-06;et0;208.5551356336045
trigo;2021-02-07;et0;345.75343211221286
trigo;2021-02-08;et0;379.95486791493914
trigo;2021-02-09;et0;694.2743270938638
trigo;2021-02-10;et0;761.7597769727033
trigo;2021-02-11;et0;397.61864221210385
trigo;2021-02-12;et0;349.99532545671576
trigo;2021-02-13;et0;655.1066767414461
trigo;2021-02-14;et0;682.0880833801507
trigo;2021-02-15;et0;622.9866001211985
trigo;2021-02-16;et0;205.1624978315769
trigo;2021-02-17;et0;505.90504137006377
trigo;2021-02-18;et0;518.6980316078353
trigo;2021-02-19;et0;614.4025737054772
trigo;2021-02-20;et0;633.4450351869134
trigo;2021-02-21;et0;629.5960219015085
trigo;2021-02-22;et0;604.4945490212958
trigo;2021-02-23;et0;641.6458781424641
trigo;2021-02-24;et0;648.3793256477038
trigo;2021-02-25;et0;630.4489681526999
trigo;2021-02-26;et0;626.5354513537472
trigo;2021-02-27;et0;631.2139294963083
trigo;2021-02-28;et0;626.6155221115732
trigo;2021-03-01;et0;602.6180382656435
trigo;2021-03-02;et0;599.568998288902
trigo;2021-03-03;et0;599.9497107850614
trigo;2021-03-04;et0;617.4083000077868
trigo;2021-03-05;et0;568.8883131740777
trigo;2021-03-06;et0;523.1374274435342
trigo;2021-03-07;et0;548.7295733455516
trigo;2021-03-08;et0;590.2401681088729
trigo;2021-03-09;et0;572.5818678821329
trigo;2021-03-10;et0;433.8043104862676
trigo;2021-03-11;et0;536.4226470993945
trigo;2021-03-12;et0;541.881231940088
trigo;2021-03-13;et0;533.3338367834469
trigo;2021-03-14;et0;498.01138118814254
trigo;2021-03-15;et0;110.52689294601603
trigo;2021-03-16;et0;350.63512809177047
trigo;2021-03-17;et0;486.8376815846278
trigo;2021-03-18;et0;186.45147208874891
trigo;2021-03-19;et0;254.07968430552637
trigo;2021-03-20;et0;475.37097457419435
trigo;2021-03-21;et0;485.35239183762445
trigo;2021-03-22;et0;489.44909748347277
trigo;2021-03-23;et0;477.22490084516824
trigo;2021-03-24;et0;364.33981033392735
trigo;2021-03-25;et0;379.54538423460895
trigo;2021-03-26;et0;434.38822162727286
trigo;2021-03-27;et0;432.9984749166681
trigo;2021-03-28;et0;455.75477436788606
trigo;2021-03-29;et0;433.9469202686692
trigo;2021-03-30;et0;235.21380447406082
trigo;2021-03-31;et0;278.1114683753275
trigo;2021-04-01;et0;396.60799400826204
trigo;2021-04-02;et0;400.45775537927585
trigo;2021-04-03;et0;422.2012189642106
trigo;2021-04-04;et0;362.33342706847355
trigo;2021-04-05;et0;244.95065326501273
trigo;2021-04-06;et0;198.89138197217153
trigo;2021-04-07;et0;152.63295297799368
trigo;2021-04-08;et0;293.07820560074373
trigo;2021-04-09;et0;155.16442007201735
trigo;2021-04-10;et0;331.2342981591744
trigo;2021-04-11;et0;363.52678863380686
trigo;2021-04-12;et0;372.9511598443826
trigo;2021-04-13;et0;364.15134046235084
trigo;2021-04-14;et0;348.49719444186354
trigo;2021-04-15;et0;359.1489673080301
trigo;2021-04-16;et0;345.5491196218645
trigo;2021-04-17;et0;303.1096536914451
trigo;2021-04-18;et0;275.1477931853855
trigo;2021-04-19;et0;316.8419411060011
trigo;2021-04-20;et0;291.27515059270814
trigo;2021-04-21;et0;60.5673628226237
trigo;2021-04-22;et0;280.08768883437114
trigo;2021-04-23;et0;204.23557861688215
trigo;2021-04-24;et0;324.0554702832425
trigo;2021-04-25;et0;321.72255114630843
trigo;2021-04-26;et0;318.1659120254624
trigo;2021-04-27;et0;301.6854750713896
trigo;2021-04-28;et0;301.7106414155378
trigo;2021-04-29;et0;269.1404858418009
trigo;2021-04-30;et0;76.19969790477356
trigo;2021-05-01;et0;15.560205901230937
trigo;2021-05-02;et0;23.737384914889557
trigo;2021-05-03;et0;26.049918824732007
trigo;2021-05-04;et0;261.3893963122526
trigo;2021-05-05;et0;278.91070097243056
trigo;2021-05-06;et0;280.15835035287233
trigo;2021-05-07;et0;102.53189870802571
trigo;2021-05-08;et0;209.18416713477654
trigo;2021-05-09;et0;247.0805808454657
trigo;2021-05-10;et0;176.26574602506233
trigo;2021-05-11;et0;248.7881106583292
trigo;2021-05-12;et0;238.2714553473926
trigo;2021-05-13;et0;197.62481266596257
trigo;2021-05-14;et0;134.83293914062614
trigo;2021-05-15;et0;198.94165953149462
trigo;2021-05-16;et0;193.64579854974215
trigo;2021-05-17;et0;179.29364027230997
trigo;2021-05-18;et0;38.39946079302637
trigo;2021-05-19;et0;70.57541751286729
trigo;2021-05-20;et0;71.72611296271185
trigo;2021-05-21;et0;150.05896834855798
trigo;2021-05-22;et0;208.25276679035062
trigo;2021-05-23;et0;206.13246544109555
trigo;2021-05-24;et0;196.4661055823912
trigo;2021-05-25;et0;172.11767374200463
trigo;2021-05-26;et0;208.6503909743272
trigo;2021-05-27;et0;58.62488226221258
trigo;2021-05-28;et0;151.41936990689854
trigo;2021-05-29;et0;83.8868409678616
trigo;2021-05-30;et0;165.35173119318304
trigo;2021-05-31;et0;16.687269452975553
trigo;2021-06-01;et0;25.600891696247935
trigo;2021-06-02;et0;141.32382546269497
trigo;2021-06-03;et0;147.54630835210367
trigo;2021-06-04;et0;44.75670022383628
trigo;2021-06-05;et0;149.19744399950753
trigo;2021-06-06;et0;50.62674838380813
trigo;2021-06-07;et0;190.39578118969584
trigo;2021-06-08;et0;184.4475750122826
trigo;2021-06-09;et0;96.64444502505202
trigo;2021-06-10;et0;190.28286230141984
trigo;2021-06-11;et0;185.47070735297683
trigo;2021-06-12;et0;197.75400332304025
trigo;2021-06-13;et0;84.52232798520873
trigo;2021-06-14;et0;61.38723133561396
trigo;2021-06-15;et0;46.75810342201839
trigo;2021-06-16;et0;184.89590388718716
trigo;2021-06-17;et0;174.7605677716647
trigo;2021-06-18;et0;170.1817269446241
trigo;2021-06-19;et0;138.53567747878506
trigo;2021-06-20;et0;124.44113986721212
trigo;2021-06-21;et0;17.333220648054784
trigo;2021-06-22;et0;95.54706353317583
trigo;2021-06-23;et0;33.91497203539353
trigo;2021-06-24;et0;30.10943441986989
trigo;2021-06-25;et0;83.21825945579072
trigo;2021-06-26;et0;159.80729940383867
trigo;2021-06-27;et0;152.232097542904
trigo;2021-06-28;et0;177.69969914550828
trigo;2021-06-29;et0;119.06149145095355
trigo;2021-06-30;et0;85.29738876278635
trigo;2021-07-01;et0;91.7847802131426
